<?xml version="1.0" encoding="utf-8"?>
<!-- Generated by PRONEXUS WORKS --><link:linkbase xmlns:link="http://www.xbrl.org/2003/linkbase" xmlns:xsi="http://www.w3.org/2001/XMLSchema-instance" xmlns:xbrli="http://www.xbrl.org/2003/instance" xmlns:xlink="http://www.w3.org/1999/xlink">  <link:roleRef xlink:type="simple" roleURI="http://disclosure.edinet-fsa.go.jp/role/jppfs/rol_StatementOfCashFlows-indirect" xlink:href="http://disclosure.edinet-fsa.go.jp/taxonomy/jppfs/2019-11-01/jppfs_rt_2019-11-01.xsd#rol_StatementOfCashFlows-indirect" />  <link:roleRef xlink:type="simple" roleURI="http://disclosure.edinet-fsa.go.jp/role/jppfs/rol_StatementOfUnitholdersEquity" xlink:href="http://disclosure.edinet-fsa.go.jp/taxonomy/jppfs/2019-11-01/jppfs_rt_2019-11-01.xsd#rol_StatementOfUnitholdersEquity" />  <link:roleRef xlink:type="simple" roleURI="http://disclosure.edinet-fsa.go.jp/role/jppfs/rol_StatementOfIncome" xlink:href="http://disclosure.edinet-fsa.go.jp/taxonomy/jppfs/2019-11-01/jppfs_rt_2019-11-01.xsd#rol_StatementOfIncome" />  <link:roleRef xlink:type="simple" roleURI="http://disclosure.edinet-fsa.go.jp/role/jppfs/rol_BalanceSheet" xlink:href="http://disclosure.edinet-fsa.go.jp/taxonomy/jppfs/2019-11-01/jppfs_rt_2019-11-01.xsd#rol_BalanceSheet" />  <link:calculationLink xlink:type="extended" xlink:role="http://disclosure.edinet-fsa.go.jp/role/jppfs/rol_BalanceSheet">    <link:loc xlink:type="locator" xlink:href="http://disclosure.edinet-fsa.go.jp/taxonomy/jppfs/2019-11-01/jppfs_cor_2019-11-01.xsd#jppfs_cor_Assets" xlink:label="Assets" />    <link:loc xlink:type="locator" xlink:href="http://disclosure.edinet-fsa.go.jp/taxonomy/jppfs/2019-11-01/jppfs_cor_2019-11-01.xsd#jppfs_cor_CurrentAssets" xlink:label="CurrentAssets_2" />    <link:calculationArc xlink:type="arc" weight="1" xlink:arcrole="http://www.xbrl.org/2003/arcrole/summation-item" xlink:from="Assets" xlink:to="CurrentAssets_2" order="1.0" />    <link:loc xlink:type="locator" xlink:href="http://disclosure.edinet-fsa.go.jp/taxonomy/jppfs/2019-11-01/jppfs_cor_2019-11-01.xsd#jppfs_cor_CurrentAssets" xlink:label="CurrentAssets" />    <link:loc xlink:type="locator" xlink:href="http://disclosure.edinet-fsa.go.jp/taxonomy/jppfs/2019-11-01/jppfs_cor_2019-11-01.xsd#jppfs_cor_CashAndDeposits" xlink:label="CashAndDeposits" />    <link:calculationArc xlink:type="arc" weight="1" xlink:arcrole="http://www.xbrl.org/2003/arcrole/summation-item" xlink:from="CurrentAssets" xlink:to="CashAndDeposits" order="1.0" />    <link:loc xlink:type="locator" xlink:href="http://disclosure.edinet-fsa.go.jp/taxonomy/jppfs/2019-11-01/jppfs_cor_2019-11-01.xsd#jppfs_cor_CashAndDepositsInTrustINV" xlink:label="CashAndDepositsInTrustINV" />    <link:calculationArc xlink:type="arc" weight="1" xlink:arcrole="http://www.xbrl.org/2003/arcrole/summation-item" xlink:from="CurrentAssets" xlink:to="CashAndDepositsInTrustINV" order="2.0" />    <link:loc xlink:type="locator" xlink:href="http://disclosure.edinet-fsa.go.jp/taxonomy/jppfs/2019-11-01/jppfs_cor_2019-11-01.xsd#jppfs_cor_AccountsReceivableTradeCAINV" xlink:label="AccountsReceivableTradeCAINV" />    <link:calculationArc xlink:type="arc" weight="1" xlink:arcrole="http://www.xbrl.org/2003/arcrole/summation-item" xlink:from="CurrentAssets" xlink:to="AccountsReceivableTradeCAINV" order="3.0" />    <link:loc xlink:type="locator" xlink:href="http://disclosure.edinet-fsa.go.jp/taxonomy/jppfs/2019-11-01/jppfs_cor_2019-11-01.xsd#jppfs_cor_LeaseInvestmentAssetsCA" xlink:label="LeaseInvestmentAssetsCA" />    <link:calculationArc xlink:type="arc" weight="1" xlink:arcrole="http://www.xbrl.org/2003/arcrole/summation-item" xlink:from="CurrentAssets" xlink:to="LeaseInvestmentAssetsCA" order="4.0" />    <link:loc xlink:type="locator" xlink:href="http://disclosure.edinet-fsa.go.jp/taxonomy/jppfs/2019-11-01/jppfs_cor_2019-11-01.xsd#jppfs_cor_PrepaidExpenses" xlink:label="PrepaidExpenses" />    <link:calculationArc xlink:type="arc" weight="1" xlink:arcrole="http://www.xbrl.org/2003/arcrole/summation-item" xlink:from="CurrentAssets" xlink:to="PrepaidExpenses" order="5.0" />    <link:loc xlink:type="locator" xlink:href="http://disclosure.edinet-fsa.go.jp/taxonomy/jppfs/2019-11-01/jppfs_cor_2019-11-01.xsd#jppfs_cor_OtherCA" xlink:label="OtherCA" />    <link:calculationArc xlink:type="arc" weight="1" xlink:arcrole="http://www.xbrl.org/2003/arcrole/summation-item" xlink:from="CurrentAssets" xlink:to="OtherCA" order="6.0" />    <link:loc xlink:type="locator" xlink:href="http://disclosure.edinet-fsa.go.jp/taxonomy/jppfs/2019-11-01/jppfs_cor_2019-11-01.xsd#jppfs_cor_AllowanceForDoubtfulAccountsCA" xlink:label="AllowanceForDoubtfulAccountsCA" />    <link:calculationArc xlink:type="arc" weight="1" xlink:arcrole="http://www.xbrl.org/2003/arcrole/summation-item" xlink:from="CurrentAssets" xlink:to="AllowanceForDoubtfulAccountsCA" order="7.0" />    <link:loc xlink:type="locator" xlink:href="http://disclosure.edinet-fsa.go.jp/taxonomy/jppfs/2019-11-01/jppfs_cor_2019-11-01.xsd#jppfs_cor_NoncurrentAssets" xlink:label="NoncurrentAssets_2" />    <link:calculationArc xlink:type="arc" weight="1" xlink:arcrole="http://www.xbrl.org/2003/arcrole/summation-item" xlink:from="Assets" xlink:to="NoncurrentAssets_2" order="2.0" />    <link:loc xlink:type="locator" xlink:href="http://disclosure.edinet-fsa.go.jp/taxonomy/jppfs/2019-11-01/jppfs_cor_2019-11-01.xsd#jppfs_cor_NoncurrentAssets" xlink:label="NoncurrentAssets" />    <link:loc xlink:type="locator" xlink:href="http://disclosure.edinet-fsa.go.jp/taxonomy/jppfs/2019-11-01/jppfs_cor_2019-11-01.xsd#jppfs_cor_PropertyPlantAndEquipment" xlink:label="PropertyPlantAndEquipment_2" />    <link:calculationArc xlink:type="arc" weight="1" xlink:arcrole="http://www.xbrl.org/2003/arcrole/summation-item" xlink:from="NoncurrentAssets" xlink:to="PropertyPlantAndEquipment_2" order="1.0" />    <link:loc xlink:type="locator" xlink:href="http://disclosure.edinet-fsa.go.jp/taxonomy/jppfs/2019-11-01/jppfs_cor_2019-11-01.xsd#jppfs_cor_PropertyPlantAndEquipment" xlink:label="PropertyPlantAndEquipment" />    <link:loc xlink:type="locator" xlink:href="http://disclosure.edinet-fsa.go.jp/taxonomy/jppfs/2019-11-01/jppfs_cor_2019-11-01.xsd#jppfs_cor_BuildingsNet" xlink:label="BuildingsNet_2" />    <link:calculationArc xlink:type="arc" weight="1" xlink:arcrole="http://www.xbrl.org/2003/arcrole/summation-item" xlink:from="PropertyPlantAndEquipment" xlink:to="BuildingsNet_2" order="1.0" />    <link:loc xlink:type="locator" xlink:href="http://disclosure.edinet-fsa.go.jp/taxonomy/jppfs/2019-11-01/jppfs_cor_2019-11-01.xsd#jppfs_cor_BuildingsNet" xlink:label="BuildingsNet" />    <link:loc xlink:type="locator" xlink:href="http://disclosure.edinet-fsa.go.jp/taxonomy/jppfs/2019-11-01/jppfs_cor_2019-11-01.xsd#jppfs_cor_Buildings" xlink:label="Buildings" />    <link:calculationArc xlink:type="arc" weight="1" xlink:arcrole="http://www.xbrl.org/2003/arcrole/summation-item" xlink:from="BuildingsNet" xlink:to="Buildings" order="1.0" />    <link:loc xlink:type="locator" xlink:href="http://disclosure.edinet-fsa.go.jp/taxonomy/jppfs/2019-11-01/jppfs_cor_2019-11-01.xsd#jppfs_cor_AccumulatedDepreciationBuildings" xlink:label="AccumulatedDepreciationBuildings" />    <link:calculationArc xlink:type="arc" weight="1" xlink:arcrole="http://www.xbrl.org/2003/arcrole/summation-item" xlink:from="BuildingsNet" xlink:to="AccumulatedDepreciationBuildings" order="2.0" />    <link:loc xlink:type="locator" xlink:href="http://disclosure.edinet-fsa.go.jp/taxonomy/jppfs/2019-11-01/jppfs_cor_2019-11-01.xsd#jppfs_cor_BuildingsAndAccompanyingFacilitiesNet" xlink:label="BuildingsAndAccompanyingFacilitiesNet_2" />    <link:calculationArc xlink:type="arc" weight="1" xlink:arcrole="http://www.xbrl.org/2003/arcrole/summation-item" xlink:from="PropertyPlantAndEquipment" xlink:to="BuildingsAndAccompanyingFacilitiesNet_2" order="2.0" />    <link:loc xlink:type="locator" xlink:href="http://disclosure.edinet-fsa.go.jp/taxonomy/jppfs/2019-11-01/jppfs_cor_2019-11-01.xsd#jppfs_cor_BuildingsAndAccompanyingFacilitiesNet" xlink:label="BuildingsAndAccompanyingFacilitiesNet" />    <link:loc xlink:type="locator" xlink:href="http://disclosure.edinet-fsa.go.jp/taxonomy/jppfs/2019-11-01/jppfs_cor_2019-11-01.xsd#jppfs_cor_AccumulatedDepreciationBuildingsAndAccompanyingFacilities" xlink:label="AccumulatedDepreciationBuildingsAndAccompanyingFacilities" />    <link:calculationArc xlink:type="arc" weight="1" xlink:arcrole="http://www.xbrl.org/2003/arcrole/summation-item" xlink:from="BuildingsAndAccompanyingFacilitiesNet" xlink:to="AccumulatedDepreciationBuildingsAndAccompanyingFacilities" order="1.0" />    <link:loc xlink:type="locator" xlink:href="http://disclosure.edinet-fsa.go.jp/taxonomy/jppfs/2019-11-01/jppfs_cor_2019-11-01.xsd#jppfs_cor_BuildingsAndAccompanyingFacilities" xlink:label="BuildingsAndAccompanyingFacilities" />    <link:calculationArc xlink:type="arc" weight="1" xlink:arcrole="http://www.xbrl.org/2003/arcrole/summation-item" xlink:from="BuildingsAndAccompanyingFacilitiesNet" xlink:to="BuildingsAndAccompanyingFacilities" order="2.0" />    <link:loc xlink:type="locator" xlink:href="http://disclosure.edinet-fsa.go.jp/taxonomy/jppfs/2019-11-01/jppfs_cor_2019-11-01.xsd#jppfs_cor_StructuresNet" xlink:label="StructuresNet_2" />    <link:calculationArc xlink:type="arc" weight="1" xlink:arcrole="http://www.xbrl.org/2003/arcrole/summation-item" xlink:from="PropertyPlantAndEquipment" xlink:to="StructuresNet_2" order="3.0" />    <link:loc xlink:type="locator" xlink:href="http://disclosure.edinet-fsa.go.jp/taxonomy/jppfs/2019-11-01/jppfs_cor_2019-11-01.xsd#jppfs_cor_StructuresNet" xlink:label="StructuresNet" />    <link:loc xlink:type="locator" xlink:href="http://disclosure.edinet-fsa.go.jp/taxonomy/jppfs/2019-11-01/jppfs_cor_2019-11-01.xsd#jppfs_cor_Structures" xlink:label="Structures" />    <link:calculationArc xlink:type="arc" weight="1" xlink:arcrole="http://www.xbrl.org/2003/arcrole/summation-item" xlink:from="StructuresNet" xlink:to="Structures" order="1.0" />    <link:loc xlink:type="locator" xlink:href="http://disclosure.edinet-fsa.go.jp/taxonomy/jppfs/2019-11-01/jppfs_cor_2019-11-01.xsd#jppfs_cor_AccumulatedDepreciationStructures" xlink:label="AccumulatedDepreciationStructures" />    <link:calculationArc xlink:type="arc" weight="1" xlink:arcrole="http://www.xbrl.org/2003/arcrole/summation-item" xlink:from="StructuresNet" xlink:to="AccumulatedDepreciationStructures" order="2.0" />    <link:loc xlink:type="locator" xlink:href="http://disclosure.edinet-fsa.go.jp/taxonomy/jppfs/2019-11-01/jppfs_cor_2019-11-01.xsd#jppfs_cor_MachineryAndEquipmentNet" xlink:label="MachineryAndEquipmentNet_2" />    <link:calculationArc xlink:type="arc" weight="1" xlink:arcrole="http://www.xbrl.org/2003/arcrole/summation-item" xlink:from="PropertyPlantAndEquipment" xlink:to="MachineryAndEquipmentNet_2" order="4.0" />    <link:loc xlink:type="locator" xlink:href="http://disclosure.edinet-fsa.go.jp/taxonomy/jppfs/2019-11-01/jppfs_cor_2019-11-01.xsd#jppfs_cor_MachineryAndEquipmentNet" xlink:label="MachineryAndEquipmentNet" />    <link:loc xlink:type="locator" xlink:href="http://disclosure.edinet-fsa.go.jp/taxonomy/jppfs/2019-11-01/jppfs_cor_2019-11-01.xsd#jppfs_cor_MachineryAndEquipment" xlink:label="MachineryAndEquipment" />    <link:calculationArc xlink:type="arc" weight="1" xlink:arcrole="http://www.xbrl.org/2003/arcrole/summation-item" xlink:from="MachineryAndEquipmentNet" xlink:to="MachineryAndEquipment" order="1.0" />    <link:loc xlink:type="locator" xlink:href="http://disclosure.edinet-fsa.go.jp/taxonomy/jppfs/2019-11-01/jppfs_cor_2019-11-01.xsd#jppfs_cor_AccumulatedDepreciationMachineryAndEquipment" xlink:label="AccumulatedDepreciationMachineryAndEquipment" />    <link:calculationArc xlink:type="arc" weight="1" xlink:arcrole="http://www.xbrl.org/2003/arcrole/summation-item" xlink:from="MachineryAndEquipmentNet" xlink:to="AccumulatedDepreciationMachineryAndEquipment" order="2.0" />    <link:loc xlink:type="locator" xlink:href="http://disclosure.edinet-fsa.go.jp/taxonomy/jppfs/2019-11-01/jppfs_cor_2019-11-01.xsd#jppfs_cor_ToolsFurnitureAndFixturesNet" xlink:label="ToolsFurnitureAndFixturesNet_2" />    <link:calculationArc xlink:type="arc" weight="1" xlink:arcrole="http://www.xbrl.org/2003/arcrole/summation-item" xlink:from="PropertyPlantAndEquipment" xlink:to="ToolsFurnitureAndFixturesNet_2" order="5.0" />    <link:loc xlink:type="locator" xlink:href="http://disclosure.edinet-fsa.go.jp/taxonomy/jppfs/2019-11-01/jppfs_cor_2019-11-01.xsd#jppfs_cor_ToolsFurnitureAndFixturesNet" xlink:label="ToolsFurnitureAndFixturesNet" />    <link:loc xlink:type="locator" xlink:href="http://disclosure.edinet-fsa.go.jp/taxonomy/jppfs/2019-11-01/jppfs_cor_2019-11-01.xsd#jppfs_cor_ToolsFurnitureAndFixtures" xlink:label="ToolsFurnitureAndFixtures" />    <link:calculationArc xlink:type="arc" weight="1" xlink:arcrole="http://www.xbrl.org/2003/arcrole/summation-item" xlink:from="ToolsFurnitureAndFixturesNet" xlink:to="ToolsFurnitureAndFixtures" order="1.0" />    <link:loc xlink:type="locator" xlink:href="http://disclosure.edinet-fsa.go.jp/taxonomy/jppfs/2019-11-01/jppfs_cor_2019-11-01.xsd#jppfs_cor_AccumulatedDepreciationToolsFurnitureAndFixtures" xlink:label="AccumulatedDepreciationToolsFurnitureAndFixtures" />    <link:calculationArc xlink:type="arc" weight="1" xlink:arcrole="http://www.xbrl.org/2003/arcrole/summation-item" xlink:from="ToolsFurnitureAndFixturesNet" xlink:to="AccumulatedDepreciationToolsFurnitureAndFixtures" order="2.0" />    <link:loc xlink:type="locator" xlink:href="http://disclosure.edinet-fsa.go.jp/taxonomy/jppfs/2019-11-01/jppfs_cor_2019-11-01.xsd#jppfs_cor_Land" xlink:label="Land" />    <link:calculationArc xlink:type="arc" weight="1" xlink:arcrole="http://www.xbrl.org/2003/arcrole/summation-item" xlink:from="PropertyPlantAndEquipment" xlink:to="Land" order="6.0" />    <link:loc xlink:type="locator" xlink:href="http://disclosure.edinet-fsa.go.jp/taxonomy/jppfs/2019-11-01/jppfs_cor_2019-11-01.xsd#jppfs_cor_BuildingsInTrustNetINV" xlink:label="BuildingsInTrustNetINV_2" />    <link:calculationArc xlink:type="arc" weight="1" xlink:arcrole="http://www.xbrl.org/2003/arcrole/summation-item" xlink:from="PropertyPlantAndEquipment" xlink:to="BuildingsInTrustNetINV_2" order="7.67626953125" />    <link:loc xlink:type="locator" xlink:href="http://disclosure.edinet-fsa.go.jp/taxonomy/jppfs/2019-11-01/jppfs_cor_2019-11-01.xsd#jppfs_cor_BuildingsInTrustNetINV" xlink:label="BuildingsInTrustNetINV" />    <link:loc xlink:type="locator" xlink:href="http://disclosure.edinet-fsa.go.jp/taxonomy/jppfs/2019-11-01/jppfs_cor_2019-11-01.xsd#jppfs_cor_AccumulatedDepreciationBuildingsInTrustINV" xlink:label="AccumulatedDepreciationBuildingsInTrustINV" />    <link:calculationArc xlink:type="arc" weight="1" xlink:arcrole="http://www.xbrl.org/2003/arcrole/summation-item" xlink:from="BuildingsInTrustNetINV" xlink:to="AccumulatedDepreciationBuildingsInTrustINV" order="1.0" />    <link:loc xlink:type="locator" xlink:href="http://disclosure.edinet-fsa.go.jp/taxonomy/jppfs/2019-11-01/jppfs_cor_2019-11-01.xsd#jppfs_cor_BuildingsInTrustINV" xlink:label="BuildingsInTrustINV" />    <link:calculationArc xlink:type="arc" weight="1" xlink:arcrole="http://www.xbrl.org/2003/arcrole/summation-item" xlink:from="BuildingsInTrustNetINV" xlink:to="BuildingsInTrustINV" order="2.0" />    <link:loc xlink:type="locator" xlink:href="tse-anrejpfr-89540-2020-08-31-01-2020-10-19.xsd#tse-anrejpfr-89540_BuildingsAndAccompanyingFacilitiesInTrustNetINV" xlink:label="BuildingsAndAccompanyingFacilitiesInTrustNetINV_2" />    <link:calculationArc xlink:type="arc" weight="1" xlink:arcrole="http://www.xbrl.org/2003/arcrole/summation-item" xlink:from="PropertyPlantAndEquipment" xlink:to="BuildingsAndAccompanyingFacilitiesInTrustNetINV_2" order="8.71289062500" />    <link:loc xlink:type="locator" xlink:href="tse-anrejpfr-89540-2020-08-31-01-2020-10-19.xsd#tse-anrejpfr-89540_BuildingsAndAccompanyingFacilitiesInTrustNetINV" xlink:label="BuildingsAndAccompanyingFacilitiesInTrustNetINV" />    <link:loc xlink:type="locator" xlink:href="tse-anrejpfr-89540-2020-08-31-01-2020-10-19.xsd#tse-anrejpfr-89540_BuildingsAndAccompanyingFacilitiesInTrustINV" xlink:label="BuildingsAndAccompanyingFacilitiesInTrustINV" />    <link:calculationArc xlink:type="arc" weight="1" xlink:arcrole="http://www.xbrl.org/2003/arcrole/summation-item" xlink:from="BuildingsAndAccompanyingFacilitiesInTrustNetINV" xlink:to="BuildingsAndAccompanyingFacilitiesInTrustINV" order="1.0" />    <link:loc xlink:type="locator" xlink:href="tse-anrejpfr-89540-2020-08-31-01-2020-10-19.xsd#tse-anrejpfr-89540_AccumulatedDepreciationBuildingsAndAccompanyingFacilitiesInTrustINV" xlink:label="AccumulatedDepreciationBuildingsAndAccompanyingFacilitiesInTrustINV" />    <link:calculationArc xlink:type="arc" weight="1" xlink:arcrole="http://www.xbrl.org/2003/arcrole/summation-item" xlink:from="BuildingsAndAccompanyingFacilitiesInTrustNetINV" xlink:to="AccumulatedDepreciationBuildingsAndAccompanyingFacilitiesInTrustINV" order="2.0" />    <link:loc xlink:type="locator" xlink:href="http://disclosure.edinet-fsa.go.jp/taxonomy/jppfs/2019-11-01/jppfs_cor_2019-11-01.xsd#jppfs_cor_StructuresInTrustNetINV" xlink:label="StructuresInTrustNetINV_2" />    <link:calculationArc xlink:type="arc" weight="1" xlink:arcrole="http://www.xbrl.org/2003/arcrole/summation-item" xlink:from="PropertyPlantAndEquipment" xlink:to="StructuresInTrustNetINV_2" order="9.756103515625" />    <link:loc xlink:type="locator" xlink:href="http://disclosure.edinet-fsa.go.jp/taxonomy/jppfs/2019-11-01/jppfs_cor_2019-11-01.xsd#jppfs_cor_StructuresInTrustNetINV" xlink:label="StructuresInTrustNetINV" />    <link:loc xlink:type="locator" xlink:href="http://disclosure.edinet-fsa.go.jp/taxonomy/jppfs/2019-11-01/jppfs_cor_2019-11-01.xsd#jppfs_cor_AccumulatedDepreciationStructuresInTrustINV" xlink:label="AccumulatedDepreciationStructuresInTrustINV" />    <link:calculationArc xlink:type="arc" weight="1" xlink:arcrole="http://www.xbrl.org/2003/arcrole/summation-item" xlink:from="StructuresInTrustNetINV" xlink:to="AccumulatedDepreciationStructuresInTrustINV" order="1.0" />    <link:loc xlink:type="locator" xlink:href="http://disclosure.edinet-fsa.go.jp/taxonomy/jppfs/2019-11-01/jppfs_cor_2019-11-01.xsd#jppfs_cor_StructuresInTrustINV" xlink:label="StructuresInTrustINV" />    <link:calculationArc xlink:type="arc" weight="1" xlink:arcrole="http://www.xbrl.org/2003/arcrole/summation-item" xlink:from="StructuresInTrustNetINV" xlink:to="StructuresInTrustINV" order="2.0" />    <link:loc xlink:type="locator" xlink:href="http://disclosure.edinet-fsa.go.jp/taxonomy/jppfs/2019-11-01/jppfs_cor_2019-11-01.xsd#jppfs_cor_MachineryAndEquipmentInTrustNetINV" xlink:label="MachineryAndEquipmentInTrustNetINV_2" />    <link:calculationArc xlink:type="arc" weight="1" xlink:arcrole="http://www.xbrl.org/2003/arcrole/summation-item" xlink:from="PropertyPlantAndEquipment" xlink:to="MachineryAndEquipmentInTrustNetINV_2" order="10.79595947265625" />    <link:loc xlink:type="locator" xlink:href="http://disclosure.edinet-fsa.go.jp/taxonomy/jppfs/2019-11-01/jppfs_cor_2019-11-01.xsd#jppfs_cor_MachineryAndEquipmentInTrustNetINV" xlink:label="MachineryAndEquipmentInTrustNetINV" />    <link:loc xlink:type="locator" xlink:href="http://disclosure.edinet-fsa.go.jp/taxonomy/jppfs/2019-11-01/jppfs_cor_2019-11-01.xsd#jppfs_cor_AccumulatedDepreciationMachineryAndEquipmentInTrustINV" xlink:label="AccumulatedDepreciationMachineryAndEquipmentInTrustINV" />    <link:calculationArc xlink:type="arc" weight="1" xlink:arcrole="http://www.xbrl.org/2003/arcrole/summation-item" xlink:from="MachineryAndEquipmentInTrustNetINV" xlink:to="AccumulatedDepreciationMachineryAndEquipmentInTrustINV" order="1.0" />    <link:loc xlink:type="locator" xlink:href="http://disclosure.edinet-fsa.go.jp/taxonomy/jppfs/2019-11-01/jppfs_cor_2019-11-01.xsd#jppfs_cor_MachineryAndEquipmentInTrustINV" xlink:label="MachineryAndEquipmentInTrustINV" />    <link:calculationArc xlink:type="arc" weight="1" xlink:arcrole="http://www.xbrl.org/2003/arcrole/summation-item" xlink:from="MachineryAndEquipmentInTrustNetINV" xlink:to="MachineryAndEquipmentInTrustINV" order="2.0" />    <link:loc xlink:type="locator" xlink:href="http://disclosure.edinet-fsa.go.jp/taxonomy/jppfs/2019-11-01/jppfs_cor_2019-11-01.xsd#jppfs_cor_ToolsFurnitureAndFixturesInTrustNetINV" xlink:label="ToolsFurnitureAndFixturesInTrustNetINV_2" />    <link:calculationArc xlink:type="arc" weight="1" xlink:arcrole="http://www.xbrl.org/2003/arcrole/summation-item" xlink:from="PropertyPlantAndEquipment" xlink:to="ToolsFurnitureAndFixturesInTrustNetINV_2" order="11.82501220703125" />    <link:loc xlink:type="locator" xlink:href="http://disclosure.edinet-fsa.go.jp/taxonomy/jppfs/2019-11-01/jppfs_cor_2019-11-01.xsd#jppfs_cor_ToolsFurnitureAndFixturesInTrustNetINV" xlink:label="ToolsFurnitureAndFixturesInTrustNetINV" />    <link:loc xlink:type="locator" xlink:href="http://disclosure.edinet-fsa.go.jp/taxonomy/jppfs/2019-11-01/jppfs_cor_2019-11-01.xsd#jppfs_cor_AccumulatedDepreciationToolsFurnitureAndFixturesInTrustINV" xlink:label="AccumulatedDepreciationToolsFurnitureAndFixturesInTrustINV" />    <link:calculationArc xlink:type="arc" weight="1" xlink:arcrole="http://www.xbrl.org/2003/arcrole/summation-item" xlink:from="ToolsFurnitureAndFixturesInTrustNetINV" xlink:to="AccumulatedDepreciationToolsFurnitureAndFixturesInTrustINV" order="1.0" />    <link:loc xlink:type="locator" xlink:href="http://disclosure.edinet-fsa.go.jp/taxonomy/jppfs/2019-11-01/jppfs_cor_2019-11-01.xsd#jppfs_cor_ToolsFurnitureAndFixturesInTrustINV" xlink:label="ToolsFurnitureAndFixturesInTrustINV" />    <link:calculationArc xlink:type="arc" weight="1" xlink:arcrole="http://www.xbrl.org/2003/arcrole/summation-item" xlink:from="ToolsFurnitureAndFixturesInTrustNetINV" xlink:to="ToolsFurnitureAndFixturesInTrustINV" order="2.0" />    <link:loc xlink:type="locator" xlink:href="http://disclosure.edinet-fsa.go.jp/taxonomy/jppfs/2019-11-01/jppfs_cor_2019-11-01.xsd#jppfs_cor_LandInTrustINV" xlink:label="LandInTrustINV" />    <link:calculationArc xlink:type="arc" weight="1" xlink:arcrole="http://www.xbrl.org/2003/arcrole/summation-item" xlink:from="PropertyPlantAndEquipment" xlink:to="LandInTrustINV" order="12.83953857421875" />    <link:loc xlink:type="locator" xlink:href="http://disclosure.edinet-fsa.go.jp/taxonomy/jppfs/2019-11-01/jppfs_cor_2019-11-01.xsd#jppfs_cor_ConstructionInProgressInTrustINV" xlink:label="ConstructionInProgressInTrustINV" />    <link:calculationArc xlink:type="arc" weight="1" xlink:arcrole="http://www.xbrl.org/2003/arcrole/summation-item" xlink:from="PropertyPlantAndEquipment" xlink:to="ConstructionInProgressInTrustINV" order="13.83953857421875" />    <link:loc xlink:type="locator" xlink:href="http://disclosure.edinet-fsa.go.jp/taxonomy/jppfs/2019-11-01/jppfs_cor_2019-11-01.xsd#jppfs_cor_IntangibleAssets" xlink:label="IntangibleAssets_2" />    <link:calculationArc xlink:type="arc" weight="1" xlink:arcrole="http://www.xbrl.org/2003/arcrole/summation-item" xlink:from="NoncurrentAssets" xlink:to="IntangibleAssets_2" order="2.0" />    <link:loc xlink:type="locator" xlink:href="http://disclosure.edinet-fsa.go.jp/taxonomy/jppfs/2019-11-01/jppfs_cor_2019-11-01.xsd#jppfs_cor_IntangibleAssets" xlink:label="IntangibleAssets" />    <link:loc xlink:type="locator" xlink:href="http://disclosure.edinet-fsa.go.jp/taxonomy/jppfs/2019-11-01/jppfs_cor_2019-11-01.xsd#jppfs_cor_LeaseholdRight" xlink:label="LeaseholdRight" />    <link:calculationArc xlink:type="arc" weight="1" xlink:arcrole="http://www.xbrl.org/2003/arcrole/summation-item" xlink:from="IntangibleAssets" xlink:to="LeaseholdRight" order="1.0" />    <link:loc xlink:type="locator" xlink:href="http://disclosure.edinet-fsa.go.jp/taxonomy/jppfs/2019-11-01/jppfs_cor_2019-11-01.xsd#jppfs_cor_LeaseholdRightsInTrustAtCostINV" xlink:label="LeaseholdRightsInTrustAtCostINV" />    <link:calculationArc xlink:type="arc" weight="1" xlink:arcrole="http://www.xbrl.org/2003/arcrole/summation-item" xlink:from="IntangibleAssets" xlink:to="LeaseholdRightsInTrustAtCostINV" order="2.0" />    <link:loc xlink:type="locator" xlink:href="http://disclosure.edinet-fsa.go.jp/taxonomy/jppfs/2019-11-01/jppfs_cor_2019-11-01.xsd#jppfs_cor_OtherIA" xlink:label="OtherIA" />    <link:calculationArc xlink:type="arc" weight="1" xlink:arcrole="http://www.xbrl.org/2003/arcrole/summation-item" xlink:from="IntangibleAssets" xlink:to="OtherIA" order="3.0" />    <link:loc xlink:type="locator" xlink:href="http://disclosure.edinet-fsa.go.jp/taxonomy/jppfs/2019-11-01/jppfs_cor_2019-11-01.xsd#jppfs_cor_InvestmentsAndOtherAssets" xlink:label="InvestmentsAndOtherAssets_2" />    <link:calculationArc xlink:type="arc" weight="1" xlink:arcrole="http://www.xbrl.org/2003/arcrole/summation-item" xlink:from="NoncurrentAssets" xlink:to="InvestmentsAndOtherAssets_2" order="3.0" />    <link:loc xlink:type="locator" xlink:href="http://disclosure.edinet-fsa.go.jp/taxonomy/jppfs/2019-11-01/jppfs_cor_2019-11-01.xsd#jppfs_cor_InvestmentsAndOtherAssets" xlink:label="InvestmentsAndOtherAssets" />    <link:loc xlink:type="locator" xlink:href="http://disclosure.edinet-fsa.go.jp/taxonomy/jppfs/2019-11-01/jppfs_cor_2019-11-01.xsd#jppfs_cor_LeaseAndGuaranteeDeposits" xlink:label="LeaseAndGuaranteeDeposits" />    <link:calculationArc xlink:type="arc" weight="1" xlink:arcrole="http://www.xbrl.org/2003/arcrole/summation-item" xlink:from="InvestmentsAndOtherAssets" xlink:to="LeaseAndGuaranteeDeposits" order="1.1328125" />    <link:loc xlink:type="locator" xlink:href="tse-anrejpfr-89540-2020-08-31-01-2020-10-19.xsd#tse-anrejpfr-89540_ReserveForRepairsAndMaintenanceIOAINV" xlink:label="ReserveForRepairsAndMaintenanceIOAINV" />    <link:calculationArc xlink:type="arc" weight="1" xlink:arcrole="http://www.xbrl.org/2003/arcrole/summation-item" xlink:from="InvestmentsAndOtherAssets" xlink:to="ReserveForRepairsAndMaintenanceIOAINV" order="2.2265625" />    <link:loc xlink:type="locator" xlink:href="http://disclosure.edinet-fsa.go.jp/taxonomy/jppfs/2019-11-01/jppfs_cor_2019-11-01.xsd#jppfs_cor_LongTermPrepaidExpenses" xlink:label="LongTermPrepaidExpenses" />    <link:calculationArc xlink:type="arc" weight="1" xlink:arcrole="http://www.xbrl.org/2003/arcrole/summation-item" xlink:from="InvestmentsAndOtherAssets" xlink:to="LongTermPrepaidExpenses" order="3.2734375" />    <link:loc xlink:type="locator" xlink:href="http://disclosure.edinet-fsa.go.jp/taxonomy/jppfs/2019-11-01/jppfs_cor_2019-11-01.xsd#jppfs_cor_LeaseAndGuaranteeDepositsInTrustINV" xlink:label="LeaseAndGuaranteeDepositsInTrustINV" />    <link:calculationArc xlink:type="arc" weight="1" xlink:arcrole="http://www.xbrl.org/2003/arcrole/summation-item" xlink:from="InvestmentsAndOtherAssets" xlink:to="LeaseAndGuaranteeDepositsInTrustINV" order="4.2734375" />    <link:loc xlink:type="locator" xlink:href="http://disclosure.edinet-fsa.go.jp/taxonomy/jppfs/2019-11-01/jppfs_cor_2019-11-01.xsd#jppfs_cor_DeferredAssets" xlink:label="DeferredAssets_2" />    <link:calculationArc xlink:type="arc" weight="1" xlink:arcrole="http://www.xbrl.org/2003/arcrole/summation-item" xlink:from="Assets" xlink:to="DeferredAssets_2" order="3.0" />    <link:loc xlink:type="locator" xlink:href="http://disclosure.edinet-fsa.go.jp/taxonomy/jppfs/2019-11-01/jppfs_cor_2019-11-01.xsd#jppfs_cor_DeferredAssets" xlink:label="DeferredAssets" />    <link:loc xlink:type="locator" xlink:href="http://disclosure.edinet-fsa.go.jp/taxonomy/jppfs/2019-11-01/jppfs_cor_2019-11-01.xsd#jppfs_cor_InvestmentCorporationBondIssuanceCostsINV" xlink:label="InvestmentCorporationBondIssuanceCostsINV" />    <link:calculationArc xlink:type="arc" weight="1" xlink:arcrole="http://www.xbrl.org/2003/arcrole/summation-item" xlink:from="DeferredAssets" xlink:to="InvestmentCorporationBondIssuanceCostsINV" order="1.0" />    <link:loc xlink:type="locator" xlink:href="http://disclosure.edinet-fsa.go.jp/taxonomy/jppfs/2019-11-01/jppfs_cor_2019-11-01.xsd#jppfs_cor_LiabilitiesAndNetAssets" xlink:label="LiabilitiesAndNetAssets" />    <link:loc xlink:type="locator" xlink:href="http://disclosure.edinet-fsa.go.jp/taxonomy/jppfs/2019-11-01/jppfs_cor_2019-11-01.xsd#jppfs_cor_Liabilities" xlink:label="Liabilities_2" />    <link:calculationArc xlink:type="arc" weight="1" xlink:arcrole="http://www.xbrl.org/2003/arcrole/summation-item" xlink:from="LiabilitiesAndNetAssets" xlink:to="Liabilities_2" order="1.0" />    <link:loc xlink:type="locator" xlink:href="http://disclosure.edinet-fsa.go.jp/taxonomy/jppfs/2019-11-01/jppfs_cor_2019-11-01.xsd#jppfs_cor_Liabilities" xlink:label="Liabilities" />    <link:loc xlink:type="locator" xlink:href="http://disclosure.edinet-fsa.go.jp/taxonomy/jppfs/2019-11-01/jppfs_cor_2019-11-01.xsd#jppfs_cor_CurrentLiabilities" xlink:label="CurrentLiabilities_2" />    <link:calculationArc xlink:type="arc" weight="1" xlink:arcrole="http://www.xbrl.org/2003/arcrole/summation-item" xlink:from="Liabilities" xlink:to="CurrentLiabilities_2" order="1.0" />    <link:loc xlink:type="locator" xlink:href="http://disclosure.edinet-fsa.go.jp/taxonomy/jppfs/2019-11-01/jppfs_cor_2019-11-01.xsd#jppfs_cor_CurrentLiabilities" xlink:label="CurrentLiabilities" />    <link:loc xlink:type="locator" xlink:href="http://disclosure.edinet-fsa.go.jp/taxonomy/jppfs/2019-11-01/jppfs_cor_2019-11-01.xsd#jppfs_cor_AccountsPayableCLINV" xlink:label="AccountsPayableCLINV" />    <link:calculationArc xlink:type="arc" weight="1" xlink:arcrole="http://www.xbrl.org/2003/arcrole/summation-item" xlink:from="CurrentLiabilities" xlink:to="AccountsPayableCLINV" order="1.0" />    <link:loc xlink:type="locator" xlink:href="http://disclosure.edinet-fsa.go.jp/taxonomy/jppfs/2019-11-01/jppfs_cor_2019-11-01.xsd#jppfs_cor_ShortTermLoansPayable" xlink:label="ShortTermLoansPayable" />    <link:calculationArc xlink:type="arc" weight="1" xlink:arcrole="http://www.xbrl.org/2003/arcrole/summation-item" xlink:from="CurrentLiabilities" xlink:to="ShortTermLoansPayable" order="1.48828125" />    <link:loc xlink:type="locator" xlink:href="http://disclosure.edinet-fsa.go.jp/taxonomy/jppfs/2019-11-01/jppfs_cor_2019-11-01.xsd#jppfs_cor_CurrentPortionOfLongTermLoansPayable" xlink:label="CurrentPortionOfLongTermLoansPayable" />    <link:calculationArc xlink:type="arc" weight="1" xlink:arcrole="http://www.xbrl.org/2003/arcrole/summation-item" xlink:from="CurrentLiabilities" xlink:to="CurrentPortionOfLongTermLoansPayable" order="2.6357421875" />    <link:loc xlink:type="locator" xlink:href="http://disclosure.edinet-fsa.go.jp/taxonomy/jppfs/2019-11-01/jppfs_cor_2019-11-01.xsd#jppfs_cor_IncomeTaxesPayable" xlink:label="IncomeTaxesPayable" />    <link:calculationArc xlink:type="arc" weight="1" xlink:arcrole="http://www.xbrl.org/2003/arcrole/summation-item" xlink:from="CurrentLiabilities" xlink:to="IncomeTaxesPayable" order="3.7636718750" />    <link:loc xlink:type="locator" xlink:href="http://disclosure.edinet-fsa.go.jp/taxonomy/jppfs/2019-11-01/jppfs_cor_2019-11-01.xsd#jppfs_cor_AccruedConsumptionTaxes" xlink:label="AccruedConsumptionTaxes" />    <link:calculationArc xlink:type="arc" weight="1" xlink:arcrole="http://www.xbrl.org/2003/arcrole/summation-item" xlink:from="CurrentLiabilities" xlink:to="AccruedConsumptionTaxes" order="4.8818359375" />    <link:loc xlink:type="locator" xlink:href="http://disclosure.edinet-fsa.go.jp/taxonomy/jppfs/2019-11-01/jppfs_cor_2019-11-01.xsd#jppfs_cor_AdvancesReceived" xlink:label="AdvancesReceived" />    <link:calculationArc xlink:type="arc" weight="1" xlink:arcrole="http://www.xbrl.org/2003/arcrole/summation-item" xlink:from="CurrentLiabilities" xlink:to="AdvancesReceived" order="6.0" />    <link:loc xlink:type="locator" xlink:href="http://disclosure.edinet-fsa.go.jp/taxonomy/jppfs/2019-11-01/jppfs_cor_2019-11-01.xsd#jppfs_cor_AccountsPayableOther" xlink:label="AccountsPayableOther" />    <link:calculationArc xlink:type="arc" weight="1" xlink:arcrole="http://www.xbrl.org/2003/arcrole/summation-item" xlink:from="CurrentLiabilities" xlink:to="AccountsPayableOther" order="7.0" />    <link:loc xlink:type="locator" xlink:href="http://disclosure.edinet-fsa.go.jp/taxonomy/jppfs/2019-11-01/jppfs_cor_2019-11-01.xsd#jppfs_cor_AccruedExpenses" xlink:label="AccruedExpenses" />    <link:calculationArc xlink:type="arc" weight="1" xlink:arcrole="http://www.xbrl.org/2003/arcrole/summation-item" xlink:from="CurrentLiabilities" xlink:to="AccruedExpenses" order="8.0" />    <link:loc xlink:type="locator" xlink:href="http://disclosure.edinet-fsa.go.jp/taxonomy/jppfs/2019-11-01/jppfs_cor_2019-11-01.xsd#jppfs_cor_OtherCL" xlink:label="OtherCL" />    <link:calculationArc xlink:type="arc" weight="1" xlink:arcrole="http://www.xbrl.org/2003/arcrole/summation-item" xlink:from="CurrentLiabilities" xlink:to="OtherCL" order="9.0" />    <link:loc xlink:type="locator" xlink:href="http://disclosure.edinet-fsa.go.jp/taxonomy/jppfs/2019-11-01/jppfs_cor_2019-11-01.xsd#jppfs_cor_NoncurrentLiabilities" xlink:label="NoncurrentLiabilities_2" />    <link:calculationArc xlink:type="arc" weight="1" xlink:arcrole="http://www.xbrl.org/2003/arcrole/summation-item" xlink:from="Liabilities" xlink:to="NoncurrentLiabilities_2" order="2.0" />    <link:loc xlink:type="locator" xlink:href="http://disclosure.edinet-fsa.go.jp/taxonomy/jppfs/2019-11-01/jppfs_cor_2019-11-01.xsd#jppfs_cor_NoncurrentLiabilities" xlink:label="NoncurrentLiabilities" />    <link:loc xlink:type="locator" xlink:href="http://disclosure.edinet-fsa.go.jp/taxonomy/jppfs/2019-11-01/jppfs_cor_2019-11-01.xsd#jppfs_cor_InvestmentCorporationBondINV" xlink:label="InvestmentCorporationBondINV" />    <link:calculationArc xlink:type="arc" weight="1" xlink:arcrole="http://www.xbrl.org/2003/arcrole/summation-item" xlink:from="NoncurrentLiabilities" xlink:to="InvestmentCorporationBondINV" order="1.0" />    <link:loc xlink:type="locator" xlink:href="http://disclosure.edinet-fsa.go.jp/taxonomy/jppfs/2019-11-01/jppfs_cor_2019-11-01.xsd#jppfs_cor_LongTermLoansPayable" xlink:label="LongTermLoansPayable" />    <link:calculationArc xlink:type="arc" weight="1" xlink:arcrole="http://www.xbrl.org/2003/arcrole/summation-item" xlink:from="NoncurrentLiabilities" xlink:to="LongTermLoansPayable" order="2.0" />    <link:loc xlink:type="locator" xlink:href="http://disclosure.edinet-fsa.go.jp/taxonomy/jppfs/2019-11-01/jppfs_cor_2019-11-01.xsd#jppfs_cor_TenantLeaseholdAndSecurityDepositsINV" xlink:label="TenantLeaseholdAndSecurityDepositsINV" />    <link:calculationArc xlink:type="arc" weight="1" xlink:arcrole="http://www.xbrl.org/2003/arcrole/summation-item" xlink:from="NoncurrentLiabilities" xlink:to="TenantLeaseholdAndSecurityDepositsINV" order="3.0" />    <link:loc xlink:type="locator" xlink:href="http://disclosure.edinet-fsa.go.jp/taxonomy/jppfs/2019-11-01/jppfs_cor_2019-11-01.xsd#jppfs_cor_AssetRetirementObligationsNCL" xlink:label="AssetRetirementObligationsNCL" />    <link:calculationArc xlink:type="arc" weight="1" xlink:arcrole="http://www.xbrl.org/2003/arcrole/summation-item" xlink:from="NoncurrentLiabilities" xlink:to="AssetRetirementObligationsNCL" order="4.0" />    <link:loc xlink:type="locator" xlink:href="http://disclosure.edinet-fsa.go.jp/taxonomy/jppfs/2019-11-01/jppfs_cor_2019-11-01.xsd#jppfs_cor_NetAssets" xlink:label="NetAssets_2" />    <link:calculationArc xlink:type="arc" weight="1" xlink:arcrole="http://www.xbrl.org/2003/arcrole/summation-item" xlink:from="LiabilitiesAndNetAssets" xlink:to="NetAssets_2" order="2.0" />    <link:loc xlink:type="locator" xlink:href="http://disclosure.edinet-fsa.go.jp/taxonomy/jppfs/2019-11-01/jppfs_cor_2019-11-01.xsd#jppfs_cor_NetAssets" xlink:label="NetAssets" />    <link:loc xlink:type="locator" xlink:href="http://disclosure.edinet-fsa.go.jp/taxonomy/jppfs/2019-11-01/jppfs_cor_2019-11-01.xsd#jppfs_cor_UnitholdersEquityINV" xlink:label="UnitholdersEquityINV_2" />    <link:calculationArc xlink:type="arc" weight="1" xlink:arcrole="http://www.xbrl.org/2003/arcrole/summation-item" xlink:from="NetAssets" xlink:to="UnitholdersEquityINV_2" order="1.0" />    <link:loc xlink:type="locator" xlink:href="http://disclosure.edinet-fsa.go.jp/taxonomy/jppfs/2019-11-01/jppfs_cor_2019-11-01.xsd#jppfs_cor_UnitholdersEquityINV" xlink:label="UnitholdersEquityINV" />    <link:loc xlink:type="locator" xlink:href="http://disclosure.edinet-fsa.go.jp/taxonomy/jppfs/2019-11-01/jppfs_cor_2019-11-01.xsd#jppfs_cor_UnitholdersCapitalINV" xlink:label="UnitholdersCapitalINV" />    <link:calculationArc xlink:type="arc" weight="1" xlink:arcrole="http://www.xbrl.org/2003/arcrole/summation-item" xlink:from="UnitholdersEquityINV" xlink:to="UnitholdersCapitalINV" order="1.0" />    <link:loc xlink:type="locator" xlink:href="http://disclosure.edinet-fsa.go.jp/taxonomy/jppfs/2019-11-01/jppfs_cor_2019-11-01.xsd#jppfs_cor_SurplusINV" xlink:label="SurplusINV_2" />    <link:calculationArc xlink:type="arc" weight="1" xlink:arcrole="http://www.xbrl.org/2003/arcrole/summation-item" xlink:from="UnitholdersEquityINV" xlink:to="SurplusINV_2" order="2.0" />    <link:loc xlink:type="locator" xlink:href="http://disclosure.edinet-fsa.go.jp/taxonomy/jppfs/2019-11-01/jppfs_cor_2019-11-01.xsd#jppfs_cor_SurplusINV" xlink:label="SurplusINV" />    <link:loc xlink:type="locator" xlink:href="http://disclosure.edinet-fsa.go.jp/taxonomy/jppfs/2019-11-01/jppfs_cor_2019-11-01.xsd#jppfs_cor_VoluntaryRetainedEarningsINV" xlink:label="VoluntaryRetainedEarningsINV_2" />    <link:calculationArc xlink:type="arc" weight="1" xlink:arcrole="http://www.xbrl.org/2003/arcrole/summation-item" xlink:from="SurplusINV" xlink:to="VoluntaryRetainedEarningsINV_2" order="1.0" />    <link:loc xlink:type="locator" xlink:href="http://disclosure.edinet-fsa.go.jp/taxonomy/jppfs/2019-11-01/jppfs_cor_2019-11-01.xsd#jppfs_cor_VoluntaryRetainedEarningsINV" xlink:label="VoluntaryRetainedEarningsINV" />    <link:loc xlink:type="locator" xlink:href="http://disclosure.edinet-fsa.go.jp/taxonomy/jppfs/2019-11-01/jppfs_cor_2019-11-01.xsd#jppfs_cor_ReserveForReductionEntry2" xlink:label="ReserveForReductionEntry2" />    <link:calculationArc xlink:type="arc" weight="1" xlink:arcrole="http://www.xbrl.org/2003/arcrole/summation-item" xlink:from="VoluntaryRetainedEarningsINV" xlink:to="ReserveForReductionEntry2" order="1.0" />    <link:loc xlink:type="locator" xlink:href="http://disclosure.edinet-fsa.go.jp/taxonomy/jppfs/2019-11-01/jppfs_cor_2019-11-01.xsd#jppfs_cor_UnappropriatedRetainedEarningsUndisposedLossINV" xlink:label="UnappropriatedRetainedEarningsUndisposedLossINV" />    <link:calculationArc xlink:type="arc" weight="1" xlink:arcrole="http://www.xbrl.org/2003/arcrole/summation-item" xlink:from="SurplusINV" xlink:to="UnappropriatedRetainedEarningsUndisposedLossINV" order="2.0" />  </link:calculationLink>  <link:calculationLink xlink:type="extended" xlink:role="http://disclosure.edinet-fsa.go.jp/role/jppfs/rol_StatementOfIncome">    <link:loc xlink:type="locator" xlink:href="http://disclosure.edinet-fsa.go.jp/taxonomy/jppfs/2019-11-01/jppfs_cor_2019-11-01.xsd#jppfs_cor_ProfitLoss" xlink:label="ProfitLoss" />    <link:loc xlink:type="locator" xlink:href="http://disclosure.edinet-fsa.go.jp/taxonomy/jppfs/2019-11-01/jppfs_cor_2019-11-01.xsd#jppfs_cor_IncomeBeforeIncomeTaxes" xlink:label="IncomeBeforeIncomeTaxes_2" />    <link:calculationArc xlink:type="arc" weight="1" xlink:arcrole="http://www.xbrl.org/2003/arcrole/summation-item" xlink:from="ProfitLoss" xlink:to="IncomeBeforeIncomeTaxes_2" order="1.0" />    <link:loc xlink:type="locator" xlink:href="http://disclosure.edinet-fsa.go.jp/taxonomy/jppfs/2019-11-01/jppfs_cor_2019-11-01.xsd#jppfs_cor_IncomeBeforeIncomeTaxes" xlink:label="IncomeBeforeIncomeTaxes" />    <link:loc xlink:type="locator" xlink:href="http://disclosure.edinet-fsa.go.jp/taxonomy/jppfs/2019-11-01/jppfs_cor_2019-11-01.xsd#jppfs_cor_OrdinaryIncome" xlink:label="OrdinaryIncome_2" />    <link:calculationArc xlink:type="arc" weight="1" xlink:arcrole="http://www.xbrl.org/2003/arcrole/summation-item" xlink:from="IncomeBeforeIncomeTaxes" xlink:to="OrdinaryIncome_2" order="0.25" />    <link:loc xlink:type="locator" xlink:href="http://disclosure.edinet-fsa.go.jp/taxonomy/jppfs/2019-11-01/jppfs_cor_2019-11-01.xsd#jppfs_cor_OrdinaryIncome" xlink:label="OrdinaryIncome" />    <link:loc xlink:type="locator" xlink:href="http://disclosure.edinet-fsa.go.jp/taxonomy/jppfs/2019-11-01/jppfs_cor_2019-11-01.xsd#jppfs_cor_OperatingIncome" xlink:label="OperatingIncome_2" />    <link:calculationArc xlink:type="arc" weight="1" xlink:arcrole="http://www.xbrl.org/2003/arcrole/summation-item" xlink:from="OrdinaryIncome" xlink:to="OperatingIncome_2" order="1.0" />    <link:loc xlink:type="locator" xlink:href="http://disclosure.edinet-fsa.go.jp/taxonomy/jppfs/2019-11-01/jppfs_cor_2019-11-01.xsd#jppfs_cor_OperatingIncome" xlink:label="OperatingIncome" />    <link:loc xlink:type="locator" xlink:href="http://disclosure.edinet-fsa.go.jp/taxonomy/jppfs/2019-11-01/jppfs_cor_2019-11-01.xsd#jppfs_cor_OperatingRevenueINV" xlink:label="OperatingRevenueINV_2" />    <link:calculationArc xlink:type="arc" weight="1" xlink:arcrole="http://www.xbrl.org/2003/arcrole/summation-item" xlink:from="OperatingIncome" xlink:to="OperatingRevenueINV_2" order="1.0" />    <link:loc xlink:type="locator" xlink:href="http://disclosure.edinet-fsa.go.jp/taxonomy/jppfs/2019-11-01/jppfs_cor_2019-11-01.xsd#jppfs_cor_OperatingRevenueINV" xlink:label="OperatingRevenueINV" />    <link:loc xlink:type="locator" xlink:href="http://disclosure.edinet-fsa.go.jp/taxonomy/jppfs/2019-11-01/jppfs_cor_2019-11-01.xsd#jppfs_cor_OtherLeaseBusinessRevenueORINV" xlink:label="OtherLeaseBusinessRevenueORINV" />    <link:calculationArc xlink:type="arc" weight="1" xlink:arcrole="http://www.xbrl.org/2003/arcrole/summation-item" xlink:from="OperatingRevenueINV" xlink:to="OtherLeaseBusinessRevenueORINV" order="1.0" />    <link:loc xlink:type="locator" xlink:href="http://disclosure.edinet-fsa.go.jp/taxonomy/jppfs/2019-11-01/jppfs_cor_2019-11-01.xsd#jppfs_cor_RentRevenueRealEstateORINV" xlink:label="RentRevenueRealEstateORINV" />    <link:calculationArc xlink:type="arc" weight="1" xlink:arcrole="http://www.xbrl.org/2003/arcrole/summation-item" xlink:from="OperatingRevenueINV" xlink:to="RentRevenueRealEstateORINV" order="2.0" />    <link:loc xlink:type="locator" xlink:href="http://disclosure.edinet-fsa.go.jp/taxonomy/jppfs/2019-11-01/jppfs_cor_2019-11-01.xsd#jppfs_cor_GainOnSalesOfRealEstatePropertiesORINV" xlink:label="GainOnSalesOfRealEstatePropertiesORINV" />    <link:calculationArc xlink:type="arc" weight="1" xlink:arcrole="http://www.xbrl.org/2003/arcrole/summation-item" xlink:from="OperatingRevenueINV" xlink:to="GainOnSalesOfRealEstatePropertiesORINV" order="3.0" />    <link:loc xlink:type="locator" xlink:href="http://disclosure.edinet-fsa.go.jp/taxonomy/jppfs/2019-11-01/jppfs_cor_2019-11-01.xsd#jppfs_cor_OperatingExpensesINV" xlink:label="OperatingExpensesINV_2" />    <link:calculationArc xlink:type="arc" weight="-1" xlink:arcrole="http://www.xbrl.org/2003/arcrole/summation-item" xlink:from="OperatingIncome" xlink:to="OperatingExpensesINV_2" order="2.0" />    <link:loc xlink:type="locator" xlink:href="http://disclosure.edinet-fsa.go.jp/taxonomy/jppfs/2019-11-01/jppfs_cor_2019-11-01.xsd#jppfs_cor_OperatingExpensesINV" xlink:label="OperatingExpensesINV" />    <link:loc xlink:type="locator" xlink:href="http://disclosure.edinet-fsa.go.jp/taxonomy/jppfs/2019-11-01/jppfs_cor_2019-11-01.xsd#jppfs_cor_ExpensesRelatedToRentBusinessOEINV" xlink:label="ExpensesRelatedToRentBusinessOEINV" />    <link:calculationArc xlink:type="arc" weight="1" xlink:arcrole="http://www.xbrl.org/2003/arcrole/summation-item" xlink:from="OperatingExpensesINV" xlink:to="ExpensesRelatedToRentBusinessOEINV" order="1.5" />    <link:loc xlink:type="locator" xlink:href="http://disclosure.edinet-fsa.go.jp/taxonomy/jppfs/2019-11-01/jppfs_cor_2019-11-01.xsd#jppfs_cor_AssetManagementFeeOEINV" xlink:label="AssetManagementFeeOEINV" />    <link:calculationArc xlink:type="arc" weight="1" xlink:arcrole="http://www.xbrl.org/2003/arcrole/summation-item" xlink:from="OperatingExpensesINV" xlink:to="AssetManagementFeeOEINV" order="3.0" />    <link:loc xlink:type="locator" xlink:href="tse-anrejpfr-89540-2020-08-31-01-2020-10-19.xsd#tse-anrejpfr-89540_AdministrativeServiceFeesINV" xlink:label="AdministrativeServiceFeesINV" />    <link:calculationArc xlink:type="arc" weight="1" xlink:arcrole="http://www.xbrl.org/2003/arcrole/summation-item" xlink:from="OperatingExpensesINV" xlink:to="AdministrativeServiceFeesINV" order="4.0" />    <link:loc xlink:type="locator" xlink:href="http://disclosure.edinet-fsa.go.jp/taxonomy/jppfs/2019-11-01/jppfs_cor_2019-11-01.xsd#jppfs_cor_DirectorsCompensationsSGA" xlink:label="DirectorsCompensationsSGA" />    <link:calculationArc xlink:type="arc" weight="1" xlink:arcrole="http://www.xbrl.org/2003/arcrole/summation-item" xlink:from="OperatingExpensesINV" xlink:to="DirectorsCompensationsSGA" order="5.0" />    <link:loc xlink:type="locator" xlink:href="http://disclosure.edinet-fsa.go.jp/taxonomy/jppfs/2019-11-01/jppfs_cor_2019-11-01.xsd#jppfs_cor_AuditFeeOEINV" xlink:label="AuditFeeOEINV" />    <link:calculationArc xlink:type="arc" weight="1" xlink:arcrole="http://www.xbrl.org/2003/arcrole/summation-item" xlink:from="OperatingExpensesINV" xlink:to="AuditFeeOEINV" order="6.0" />    <link:loc xlink:type="locator" xlink:href="http://disclosure.edinet-fsa.go.jp/taxonomy/jppfs/2019-11-01/jppfs_cor_2019-11-01.xsd#jppfs_cor_OtherOperatingExpensesOEINV" xlink:label="OtherOperatingExpensesOEINV" />    <link:calculationArc xlink:type="arc" weight="1" xlink:arcrole="http://www.xbrl.org/2003/arcrole/summation-item" xlink:from="OperatingExpensesINV" xlink:to="OtherOperatingExpensesOEINV" order="7.0" />    <link:loc xlink:type="locator" xlink:href="http://disclosure.edinet-fsa.go.jp/taxonomy/jppfs/2019-11-01/jppfs_cor_2019-11-01.xsd#jppfs_cor_NonOperatingIncome" xlink:label="NonOperatingIncome_2" />    <link:calculationArc xlink:type="arc" weight="1" xlink:arcrole="http://www.xbrl.org/2003/arcrole/summation-item" xlink:from="OrdinaryIncome" xlink:to="NonOperatingIncome_2" order="2.0" />    <link:loc xlink:type="locator" xlink:href="http://disclosure.edinet-fsa.go.jp/taxonomy/jppfs/2019-11-01/jppfs_cor_2019-11-01.xsd#jppfs_cor_NonOperatingIncome" xlink:label="NonOperatingIncome" />    <link:loc xlink:type="locator" xlink:href="http://disclosure.edinet-fsa.go.jp/taxonomy/jppfs/2019-11-01/jppfs_cor_2019-11-01.xsd#jppfs_cor_InterestIncomeNOI" xlink:label="InterestIncomeNOI" />    <link:calculationArc xlink:type="arc" weight="1" xlink:arcrole="http://www.xbrl.org/2003/arcrole/summation-item" xlink:from="NonOperatingIncome" xlink:to="InterestIncomeNOI" order="1.0" />    <link:loc xlink:type="locator" xlink:href="http://disclosure.edinet-fsa.go.jp/taxonomy/jppfs/2019-11-01/jppfs_cor_2019-11-01.xsd#jppfs_cor_ReversalOfDistributionsPayableNOIINV" xlink:label="ReversalOfDistributionsPayableNOIINV" />    <link:calculationArc xlink:type="arc" weight="1" xlink:arcrole="http://www.xbrl.org/2003/arcrole/summation-item" xlink:from="NonOperatingIncome" xlink:to="ReversalOfDistributionsPayableNOIINV" order="2.0" />    <link:loc xlink:type="locator" xlink:href="http://disclosure.edinet-fsa.go.jp/taxonomy/jppfs/2019-11-01/jppfs_cor_2019-11-01.xsd#jppfs_cor_InterestOnRefundNOI" xlink:label="InterestOnRefundNOI" />    <link:calculationArc xlink:type="arc" weight="1" xlink:arcrole="http://www.xbrl.org/2003/arcrole/summation-item" xlink:from="NonOperatingIncome" xlink:to="InterestOnRefundNOI" order="3.0" />    <link:loc xlink:type="locator" xlink:href="http://disclosure.edinet-fsa.go.jp/taxonomy/jppfs/2019-11-01/jppfs_cor_2019-11-01.xsd#jppfs_cor_OtherNOI" xlink:label="OtherNOI" />    <link:calculationArc xlink:type="arc" weight="1" xlink:arcrole="http://www.xbrl.org/2003/arcrole/summation-item" xlink:from="NonOperatingIncome" xlink:to="OtherNOI" order="4.0" />    <link:loc xlink:type="locator" xlink:href="http://disclosure.edinet-fsa.go.jp/taxonomy/jppfs/2019-11-01/jppfs_cor_2019-11-01.xsd#jppfs_cor_NonOperatingExpenses" xlink:label="NonOperatingExpenses_2" />    <link:calculationArc xlink:type="arc" weight="-1" xlink:arcrole="http://www.xbrl.org/2003/arcrole/summation-item" xlink:from="OrdinaryIncome" xlink:to="NonOperatingExpenses_2" order="3.0" />    <link:loc xlink:type="locator" xlink:href="http://disclosure.edinet-fsa.go.jp/taxonomy/jppfs/2019-11-01/jppfs_cor_2019-11-01.xsd#jppfs_cor_NonOperatingExpenses" xlink:label="NonOperatingExpenses" />    <link:loc xlink:type="locator" xlink:href="http://disclosure.edinet-fsa.go.jp/taxonomy/jppfs/2019-11-01/jppfs_cor_2019-11-01.xsd#jppfs_cor_InterestExpensesOnInvestmentCorporationBondsNOEINV" xlink:label="InterestExpensesOnInvestmentCorporationBondsNOEINV" />    <link:calculationArc xlink:type="arc" weight="1" xlink:arcrole="http://www.xbrl.org/2003/arcrole/summation-item" xlink:from="NonOperatingExpenses" xlink:to="InterestExpensesOnInvestmentCorporationBondsNOEINV" order="1.0" />    <link:loc xlink:type="locator" xlink:href="http://disclosure.edinet-fsa.go.jp/taxonomy/jppfs/2019-11-01/jppfs_cor_2019-11-01.xsd#jppfs_cor_InterestExpensesNOE" xlink:label="InterestExpensesNOE" />    <link:calculationArc xlink:type="arc" weight="1" xlink:arcrole="http://www.xbrl.org/2003/arcrole/summation-item" xlink:from="NonOperatingExpenses" xlink:to="InterestExpensesNOE" order="2.0" />    <link:loc xlink:type="locator" xlink:href="http://disclosure.edinet-fsa.go.jp/taxonomy/jppfs/2019-11-01/jppfs_cor_2019-11-01.xsd#jppfs_cor_AmortizationOfInvestmentCorporationBondIssuanceCostsNOEINV" xlink:label="AmortizationOfInvestmentCorporationBondIssuanceCostsNOEINV" />    <link:calculationArc xlink:type="arc" weight="1" xlink:arcrole="http://www.xbrl.org/2003/arcrole/summation-item" xlink:from="NonOperatingExpenses" xlink:to="AmortizationOfInvestmentCorporationBondIssuanceCostsNOEINV" order="3.0" />    <link:loc xlink:type="locator" xlink:href="http://disclosure.edinet-fsa.go.jp/taxonomy/jppfs/2019-11-01/jppfs_cor_2019-11-01.xsd#jppfs_cor_BorrowingExpensesNOEINV" xlink:label="BorrowingExpensesNOEINV" />    <link:calculationArc xlink:type="arc" weight="1" xlink:arcrole="http://www.xbrl.org/2003/arcrole/summation-item" xlink:from="NonOperatingExpenses" xlink:to="BorrowingExpensesNOEINV" order="4.0" />    <link:loc xlink:type="locator" xlink:href="http://disclosure.edinet-fsa.go.jp/taxonomy/jppfs/2019-11-01/jppfs_cor_2019-11-01.xsd#jppfs_cor_OtherNOE" xlink:label="OtherNOE" />    <link:calculationArc xlink:type="arc" weight="1" xlink:arcrole="http://www.xbrl.org/2003/arcrole/summation-item" xlink:from="NonOperatingExpenses" xlink:to="OtherNOE" order="5.0" />    <link:loc xlink:type="locator" xlink:href="http://disclosure.edinet-fsa.go.jp/taxonomy/jppfs/2019-11-01/jppfs_cor_2019-11-01.xsd#jppfs_cor_IncomeTaxes" xlink:label="IncomeTaxes_2" />    <link:calculationArc xlink:type="arc" weight="-1" xlink:arcrole="http://www.xbrl.org/2003/arcrole/summation-item" xlink:from="ProfitLoss" xlink:to="IncomeTaxes_2" order="2.0" />    <link:loc xlink:type="locator" xlink:href="http://disclosure.edinet-fsa.go.jp/taxonomy/jppfs/2019-11-01/jppfs_cor_2019-11-01.xsd#jppfs_cor_IncomeTaxes" xlink:label="IncomeTaxes" />    <link:loc xlink:type="locator" xlink:href="http://disclosure.edinet-fsa.go.jp/taxonomy/jppfs/2019-11-01/jppfs_cor_2019-11-01.xsd#jppfs_cor_IncomeTaxesCurrent" xlink:label="IncomeTaxesCurrent" />    <link:calculationArc xlink:type="arc" weight="1" xlink:arcrole="http://www.xbrl.org/2003/arcrole/summation-item" xlink:from="IncomeTaxes" xlink:to="IncomeTaxesCurrent" order="1.0" />  </link:calculationLink>  <link:calculationLink xlink:type="extended" xlink:role="http://disclosure.edinet-fsa.go.jp/role/jppfs/rol_StatementOfUnitholdersEquity">    <link:loc xlink:type="locator" xlink:href="http://disclosure.edinet-fsa.go.jp/taxonomy/jppfs/2019-11-01/jppfs_cor_2019-11-01.xsd#jppfs_cor_TotalChangesOfItemsDuringThePeriod" xlink:label="TotalChangesOfItemsDuringThePeriod" />    <link:loc xlink:type="locator" xlink:href="http://disclosure.edinet-fsa.go.jp/taxonomy/jppfs/2019-11-01/jppfs_cor_2019-11-01.xsd#jppfs_cor_ProvisionOfReserveForReductionEntry2" xlink:label="ProvisionOfReserveForReductionEntry2" />    <link:calculationArc xlink:type="arc" weight="1" xlink:arcrole="http://www.xbrl.org/2003/arcrole/summation-item" xlink:from="TotalChangesOfItemsDuringThePeriod" xlink:to="ProvisionOfReserveForReductionEntry2" order="0.6295013427734375" />    <link:loc xlink:type="locator" xlink:href="http://disclosure.edinet-fsa.go.jp/taxonomy/jppfs/2019-11-01/jppfs_cor_2019-11-01.xsd#jppfs_cor_ReversalOfReserveForReductionEntry2" xlink:label="ReversalOfReserveForReductionEntry2" />    <link:calculationArc xlink:type="arc" weight="1" xlink:arcrole="http://www.xbrl.org/2003/arcrole/summation-item" xlink:from="TotalChangesOfItemsDuringThePeriod" xlink:to="ReversalOfReserveForReductionEntry2" order="1.259002685546875" />    <link:loc xlink:type="locator" xlink:href="http://disclosure.edinet-fsa.go.jp/taxonomy/jppfs/2019-11-01/jppfs_cor_2019-11-01.xsd#jppfs_cor_DividendsFromSurplus" xlink:label="DividendsFromSurplus" />    <link:calculationArc xlink:type="arc" weight="1" xlink:arcrole="http://www.xbrl.org/2003/arcrole/summation-item" xlink:from="TotalChangesOfItemsDuringThePeriod" xlink:to="DividendsFromSurplus" order="2.3885040283203125" />    <link:loc xlink:type="locator" xlink:href="http://disclosure.edinet-fsa.go.jp/taxonomy/jppfs/2019-11-01/jppfs_cor_2019-11-01.xsd#jppfs_cor_ProfitLoss" xlink:label="ProfitLoss" />    <link:calculationArc xlink:type="arc" weight="1" xlink:arcrole="http://www.xbrl.org/2003/arcrole/summation-item" xlink:from="TotalChangesOfItemsDuringThePeriod" xlink:to="ProfitLoss" order="3.3885040283203125" />  </link:calculationLink>  <link:calculationLink xlink:type="extended" xlink:role="http://disclosure.edinet-fsa.go.jp/role/jppfs/rol_StatementOfCashFlows-indirect">    <link:loc xlink:type="locator" xlink:href="http://disclosure.edinet-fsa.go.jp/taxonomy/jppfs/2019-11-01/jppfs_cor_2019-11-01.xsd#jppfs_cor_NetIncreaseDecreaseInCashAndCashEquivalents" xlink:label="NetIncreaseDecreaseInCashAndCashEquivalents" />    <link:loc xlink:type="locator" xlink:href="http://disclosure.edinet-fsa.go.jp/taxonomy/jppfs/2019-11-01/jppfs_cor_2019-11-01.xsd#jppfs_cor_NetCashProvidedByUsedInOperatingActivities" xlink:label="NetCashProvidedByUsedInOperatingActivities_2" />    <link:calculationArc xlink:type="arc" weight="1" xlink:arcrole="http://www.xbrl.org/2003/arcrole/summation-item" xlink:from="NetIncreaseDecreaseInCashAndCashEquivalents" xlink:to="NetCashProvidedByUsedInOperatingActivities_2" order="1.0" />    <link:loc xlink:type="locator" xlink:href="http://disclosure.edinet-fsa.go.jp/taxonomy/jppfs/2019-11-01/jppfs_cor_2019-11-01.xsd#jppfs_cor_NetCashProvidedByUsedInOperatingActivities" xlink:label="NetCashProvidedByUsedInOperatingActivities" />    <link:loc xlink:type="locator" xlink:href="http://disclosure.edinet-fsa.go.jp/taxonomy/jppfs/2019-11-01/jppfs_cor_2019-11-01.xsd#jppfs_cor_SubtotalOpeCF" xlink:label="SubtotalOpeCF_2" />    <link:calculationArc xlink:type="arc" weight="1" xlink:arcrole="http://www.xbrl.org/2003/arcrole/summation-item" xlink:from="NetCashProvidedByUsedInOperatingActivities" xlink:to="SubtotalOpeCF_2" order="1.0" />    <link:loc xlink:type="locator" xlink:href="http://disclosure.edinet-fsa.go.jp/taxonomy/jppfs/2019-11-01/jppfs_cor_2019-11-01.xsd#jppfs_cor_SubtotalOpeCF" xlink:label="SubtotalOpeCF" />    <link:loc xlink:type="locator" xlink:href="http://disclosure.edinet-fsa.go.jp/taxonomy/jppfs/2019-11-01/jppfs_cor_2019-11-01.xsd#jppfs_cor_IncomeBeforeIncomeTaxes" xlink:label="IncomeBeforeIncomeTaxes" />    <link:calculationArc xlink:type="arc" weight="1" xlink:arcrole="http://www.xbrl.org/2003/arcrole/summation-item" xlink:from="SubtotalOpeCF" xlink:to="IncomeBeforeIncomeTaxes" order="1.0" />    <link:loc xlink:type="locator" xlink:href="http://disclosure.edinet-fsa.go.jp/taxonomy/jppfs/2019-11-01/jppfs_cor_2019-11-01.xsd#jppfs_cor_DepreciationAndAmortizationOpeCF" xlink:label="DepreciationAndAmortizationOpeCF" />    <link:calculationArc xlink:type="arc" weight="1" xlink:arcrole="http://www.xbrl.org/2003/arcrole/summation-item" xlink:from="SubtotalOpeCF" xlink:to="DepreciationAndAmortizationOpeCF" order="2.0" />    <link:loc xlink:type="locator" xlink:href="http://disclosure.edinet-fsa.go.jp/taxonomy/jppfs/2019-11-01/jppfs_cor_2019-11-01.xsd#jppfs_cor_AmortizationOfLongTermPrepaidExpensesOpeCF" xlink:label="AmortizationOfLongTermPrepaidExpensesOpeCF" />    <link:calculationArc xlink:type="arc" weight="1" xlink:arcrole="http://www.xbrl.org/2003/arcrole/summation-item" xlink:from="SubtotalOpeCF" xlink:to="AmortizationOfLongTermPrepaidExpensesOpeCF" order="3.171875" />    <link:loc xlink:type="locator" xlink:href="http://disclosure.edinet-fsa.go.jp/taxonomy/jppfs/2019-11-01/jppfs_cor_2019-11-01.xsd#jppfs_cor_AmortizationOfInvestmentCorporationBondIssuanceCostsOpeCFINV" xlink:label="AmortizationOfInvestmentCorporationBondIssuanceCostsOpeCFINV" />    <link:calculationArc xlink:type="arc" weight="1" xlink:arcrole="http://www.xbrl.org/2003/arcrole/summation-item" xlink:from="SubtotalOpeCF" xlink:to="AmortizationOfInvestmentCorporationBondIssuanceCostsOpeCFINV" order="4.974609375" />    <link:loc xlink:type="locator" xlink:href="http://disclosure.edinet-fsa.go.jp/taxonomy/jppfs/2019-11-01/jppfs_cor_2019-11-01.xsd#jppfs_cor_InterestIncomeOpeCF" xlink:label="InterestIncomeOpeCF" />    <link:calculationArc xlink:type="arc" weight="1" xlink:arcrole="http://www.xbrl.org/2003/arcrole/summation-item" xlink:from="SubtotalOpeCF" xlink:to="InterestIncomeOpeCF" order="6.4873046875" />    <link:loc xlink:type="locator" xlink:href="http://disclosure.edinet-fsa.go.jp/taxonomy/jppfs/2019-11-01/jppfs_cor_2019-11-01.xsd#jppfs_cor_InterestExpensesOpeCF" xlink:label="InterestExpensesOpeCF" />    <link:calculationArc xlink:type="arc" weight="1" xlink:arcrole="http://www.xbrl.org/2003/arcrole/summation-item" xlink:from="SubtotalOpeCF" xlink:to="InterestExpensesOpeCF" order="8.0" />    <link:loc xlink:type="locator" xlink:href="http://disclosure.edinet-fsa.go.jp/taxonomy/jppfs/2019-11-01/jppfs_cor_2019-11-01.xsd#jppfs_cor_LossOnRetirementOfNoncurrentAssetsOpeCF" xlink:label="LossOnRetirementOfNoncurrentAssetsOpeCF" />    <link:calculationArc xlink:type="arc" weight="1" xlink:arcrole="http://www.xbrl.org/2003/arcrole/summation-item" xlink:from="SubtotalOpeCF" xlink:to="LossOnRetirementOfNoncurrentAssetsOpeCF" order="8.93853759765625" />    <link:loc xlink:type="locator" xlink:href="http://disclosure.edinet-fsa.go.jp/taxonomy/jppfs/2019-11-01/jppfs_cor_2019-11-01.xsd#jppfs_cor_DecreaseIncreaseInOperatingAccountsReceivableOpeCFINV" xlink:label="DecreaseIncreaseInOperatingAccountsReceivableOpeCFINV" />    <link:calculationArc xlink:type="arc" weight="1" xlink:arcrole="http://www.xbrl.org/2003/arcrole/summation-item" xlink:from="SubtotalOpeCF" xlink:to="DecreaseIncreaseInOperatingAccountsReceivableOpeCFINV" order="10.20831298828125" />    <link:loc xlink:type="locator" xlink:href="http://disclosure.edinet-fsa.go.jp/taxonomy/jppfs/2019-11-01/jppfs_cor_2019-11-01.xsd#jppfs_cor_IncreaseDecreaseInAccruedConsumptionTaxesOpeCF" xlink:label="IncreaseDecreaseInAccruedConsumptionTaxesOpeCF" />    <link:calculationArc xlink:type="arc" weight="1" xlink:arcrole="http://www.xbrl.org/2003/arcrole/summation-item" xlink:from="SubtotalOpeCF" xlink:to="IncreaseDecreaseInAccruedConsumptionTaxesOpeCF" order="11.3156280517578125" />    <link:loc xlink:type="locator" xlink:href="http://disclosure.edinet-fsa.go.jp/taxonomy/jppfs/2019-11-01/jppfs_cor_2019-11-01.xsd#jppfs_cor_DecreaseIncreaseInLeaseInvestmentAssetsOpeCF" xlink:label="DecreaseIncreaseInLeaseInvestmentAssetsOpeCF" />    <link:calculationArc xlink:type="arc" weight="1" xlink:arcrole="http://www.xbrl.org/2003/arcrole/summation-item" xlink:from="SubtotalOpeCF" xlink:to="DecreaseIncreaseInLeaseInvestmentAssetsOpeCF" order="12.38227081298828125" />    <link:loc xlink:type="locator" xlink:href="http://disclosure.edinet-fsa.go.jp/taxonomy/jppfs/2019-11-01/jppfs_cor_2019-11-01.xsd#jppfs_cor_DecreaseIncreaseInPrepaidExpensesOpeCF" xlink:label="DecreaseIncreaseInPrepaidExpensesOpeCF" />    <link:calculationArc xlink:type="arc" weight="1" xlink:arcrole="http://www.xbrl.org/2003/arcrole/summation-item" xlink:from="SubtotalOpeCF" xlink:to="DecreaseIncreaseInPrepaidExpensesOpeCF" order="13.47585594654083251953125" />    <link:loc xlink:type="locator" xlink:href="tse-anrejpfr-89540-2020-08-31-01-2020-10-19.xsd#tse-anrejpfr-89540_PaymentsOfLongTermPrepaidExpensesOpeCFINV" xlink:label="PaymentsOfLongTermPrepaidExpensesOpeCFINV" />    <link:calculationArc xlink:type="arc" weight="1" xlink:arcrole="http://www.xbrl.org/2003/arcrole/summation-item" xlink:from="SubtotalOpeCF" xlink:to="PaymentsOfLongTermPrepaidExpensesOpeCFINV" order="14.60655152797698974609375" />    <link:loc xlink:type="locator" xlink:href="http://disclosure.edinet-fsa.go.jp/taxonomy/jppfs/2019-11-01/jppfs_cor_2019-11-01.xsd#jppfs_cor_DecreaseInPropertyPlantAndEquipmentInTrustDueToSaleOpeCFINV" xlink:label="DecreaseInPropertyPlantAndEquipmentInTrustDueToSaleOpeCFINV" />    <link:calculationArc xlink:type="arc" weight="1" xlink:arcrole="http://www.xbrl.org/2003/arcrole/summation-item" xlink:from="SubtotalOpeCF" xlink:to="DecreaseInPropertyPlantAndEquipmentInTrustDueToSaleOpeCFINV" order="15.7096836268901824951171875" />    <link:loc xlink:type="locator" xlink:href="tse-anrejpfr-89540-2020-08-31-01-2020-10-19.xsd#tse-anrejpfr-89540_ReversalOfReserveForRepairsAndMaintenanceOpeCFINV" xlink:label="ReversalOfReserveForRepairsAndMaintenanceOpeCFINV" />    <link:calculationArc xlink:type="arc" weight="1" xlink:arcrole="http://www.xbrl.org/2003/arcrole/summation-item" xlink:from="SubtotalOpeCF" xlink:to="ReversalOfReserveForRepairsAndMaintenanceOpeCFINV" order="16.7860760092735290527343750" />    <link:loc xlink:type="locator" xlink:href="http://disclosure.edinet-fsa.go.jp/taxonomy/jppfs/2019-11-01/jppfs_cor_2019-11-01.xsd#jppfs_cor_IncreaseDecreaseInOperatingAccountsPayableOpeCFINV" xlink:label="IncreaseDecreaseInOperatingAccountsPayableOpeCFINV" />    <link:calculationArc xlink:type="arc" weight="1" xlink:arcrole="http://www.xbrl.org/2003/arcrole/summation-item" xlink:from="SubtotalOpeCF" xlink:to="IncreaseDecreaseInOperatingAccountsPayableOpeCFINV" order="17.847670234739780426025390625" />    <link:loc xlink:type="locator" xlink:href="http://disclosure.edinet-fsa.go.jp/taxonomy/jppfs/2019-11-01/jppfs_cor_2019-11-01.xsd#jppfs_cor_IncreaseDecreaseInAccountsPayableOtherOpeCF" xlink:label="IncreaseDecreaseInAccountsPayableOtherOpeCF" />    <link:calculationArc xlink:type="arc" weight="1" xlink:arcrole="http://www.xbrl.org/2003/arcrole/summation-item" xlink:from="SubtotalOpeCF" xlink:to="IncreaseDecreaseInAccountsPayableOtherOpeCF" order="18.901151232421398162841796875" />    <link:loc xlink:type="locator" xlink:href="http://disclosure.edinet-fsa.go.jp/taxonomy/jppfs/2019-11-01/jppfs_cor_2019-11-01.xsd#jppfs_cor_IncreaseDecreaseInAdvancesReceivedOpeCF" xlink:label="IncreaseDecreaseInAdvancesReceivedOpeCF" />    <link:calculationArc xlink:type="arc" weight="1" xlink:arcrole="http://www.xbrl.org/2003/arcrole/summation-item" xlink:from="SubtotalOpeCF" xlink:to="IncreaseDecreaseInAdvancesReceivedOpeCF" order="19.950575616210699081420898438" />    <link:loc xlink:type="locator" xlink:href="http://disclosure.edinet-fsa.go.jp/taxonomy/jppfs/2019-11-01/jppfs_cor_2019-11-01.xsd#jppfs_cor_OtherNetOpeCF" xlink:label="OtherNetOpeCF" />    <link:calculationArc xlink:type="arc" weight="1" xlink:arcrole="http://www.xbrl.org/2003/arcrole/summation-item" xlink:from="SubtotalOpeCF" xlink:to="OtherNetOpeCF" order="21.0" />    <link:loc xlink:type="locator" xlink:href="http://disclosure.edinet-fsa.go.jp/taxonomy/jppfs/2019-11-01/jppfs_cor_2019-11-01.xsd#jppfs_cor_InterestIncomeReceivedOpeCF" xlink:label="InterestIncomeReceivedOpeCF" />    <link:calculationArc xlink:type="arc" weight="1" xlink:arcrole="http://www.xbrl.org/2003/arcrole/summation-item" xlink:from="NetCashProvidedByUsedInOperatingActivities" xlink:to="InterestIncomeReceivedOpeCF" order="2.0" />    <link:loc xlink:type="locator" xlink:href="http://disclosure.edinet-fsa.go.jp/taxonomy/jppfs/2019-11-01/jppfs_cor_2019-11-01.xsd#jppfs_cor_InterestExpensesPaidOpeCFFinCF" xlink:label="InterestExpensesPaidOpeCFFinCF" />    <link:calculationArc xlink:type="arc" weight="1" xlink:arcrole="http://www.xbrl.org/2003/arcrole/summation-item" xlink:from="NetCashProvidedByUsedInOperatingActivities" xlink:to="InterestExpensesPaidOpeCFFinCF" order="3.0" />    <link:loc xlink:type="locator" xlink:href="http://disclosure.edinet-fsa.go.jp/taxonomy/jppfs/2019-11-01/jppfs_cor_2019-11-01.xsd#jppfs_cor_IncomeTaxesPaidOpeCF" xlink:label="IncomeTaxesPaidOpeCF" />    <link:calculationArc xlink:type="arc" weight="1" xlink:arcrole="http://www.xbrl.org/2003/arcrole/summation-item" xlink:from="NetCashProvidedByUsedInOperatingActivities" xlink:to="IncomeTaxesPaidOpeCF" order="4.0" />    <link:loc xlink:type="locator" xlink:href="http://disclosure.edinet-fsa.go.jp/taxonomy/jppfs/2019-11-01/jppfs_cor_2019-11-01.xsd#jppfs_cor_NetCashProvidedByUsedInInvestmentActivities" xlink:label="NetCashProvidedByUsedInInvestmentActivities_2" />    <link:calculationArc xlink:type="arc" weight="1" xlink:arcrole="http://www.xbrl.org/2003/arcrole/summation-item" xlink:from="NetIncreaseDecreaseInCashAndCashEquivalents" xlink:to="NetCashProvidedByUsedInInvestmentActivities_2" order="2.0" />    <link:loc xlink:type="locator" xlink:href="http://disclosure.edinet-fsa.go.jp/taxonomy/jppfs/2019-11-01/jppfs_cor_2019-11-01.xsd#jppfs_cor_NetCashProvidedByUsedInInvestmentActivities" xlink:label="NetCashProvidedByUsedInInvestmentActivities" />    <link:loc xlink:type="locator" xlink:href="http://disclosure.edinet-fsa.go.jp/taxonomy/jppfs/2019-11-01/jppfs_cor_2019-11-01.xsd#jppfs_cor_PaymentsIntoTimeDepositsInvCF" xlink:label="PaymentsIntoTimeDepositsInvCF" />    <link:calculationArc xlink:type="arc" weight="1" xlink:arcrole="http://www.xbrl.org/2003/arcrole/summation-item" xlink:from="NetCashProvidedByUsedInInvestmentActivities" xlink:to="PaymentsIntoTimeDepositsInvCF" order="1.0" />    <link:loc xlink:type="locator" xlink:href="http://disclosure.edinet-fsa.go.jp/taxonomy/jppfs/2019-11-01/jppfs_cor_2019-11-01.xsd#jppfs_cor_ProceedsFromWithdrawalOfTimeDepositsInvCF" xlink:label="ProceedsFromWithdrawalOfTimeDepositsInvCF" />    <link:calculationArc xlink:type="arc" weight="1" xlink:arcrole="http://www.xbrl.org/2003/arcrole/summation-item" xlink:from="NetCashProvidedByUsedInInvestmentActivities" xlink:to="ProceedsFromWithdrawalOfTimeDepositsInvCF" order="2.0" />    <link:loc xlink:type="locator" xlink:href="http://disclosure.edinet-fsa.go.jp/taxonomy/jppfs/2019-11-01/jppfs_cor_2019-11-01.xsd#jppfs_cor_PurchaseOfPropertyPlantAndEquipmentInvCF" xlink:label="PurchaseOfPropertyPlantAndEquipmentInvCF" />    <link:calculationArc xlink:type="arc" weight="1" xlink:arcrole="http://www.xbrl.org/2003/arcrole/summation-item" xlink:from="NetCashProvidedByUsedInInvestmentActivities" xlink:to="PurchaseOfPropertyPlantAndEquipmentInvCF" order="3.0" />    <link:loc xlink:type="locator" xlink:href="http://disclosure.edinet-fsa.go.jp/taxonomy/jppfs/2019-11-01/jppfs_cor_2019-11-01.xsd#jppfs_cor_PurchaseOfPropertyPlantAndEquipmentInTrustInvCFINV" xlink:label="PurchaseOfPropertyPlantAndEquipmentInTrustInvCFINV" />    <link:calculationArc xlink:type="arc" weight="1" xlink:arcrole="http://www.xbrl.org/2003/arcrole/summation-item" xlink:from="NetCashProvidedByUsedInInvestmentActivities" xlink:to="PurchaseOfPropertyPlantAndEquipmentInTrustInvCFINV" order="4.01181793212890625" />    <link:loc xlink:type="locator" xlink:href="http://disclosure.edinet-fsa.go.jp/taxonomy/jppfs/2019-11-01/jppfs_cor_2019-11-01.xsd#jppfs_cor_ProceedsFromTenantLeaseholdAndSecurityDepositsInvCFINV" xlink:label="ProceedsFromTenantLeaseholdAndSecurityDepositsInvCFINV" />    <link:calculationArc xlink:type="arc" weight="1" xlink:arcrole="http://www.xbrl.org/2003/arcrole/summation-item" xlink:from="NetCashProvidedByUsedInInvestmentActivities" xlink:to="ProceedsFromTenantLeaseholdAndSecurityDepositsInvCFINV" order="4.90486907958984375" />    <link:loc xlink:type="locator" xlink:href="http://disclosure.edinet-fsa.go.jp/taxonomy/jppfs/2019-11-01/jppfs_cor_2019-11-01.xsd#jppfs_cor_RepaymentsOfTenantLeaseholdAndSecurityDepositsInvCFINV" xlink:label="RepaymentsOfTenantLeaseholdAndSecurityDepositsInvCFINV" />    <link:calculationArc xlink:type="arc" weight="1" xlink:arcrole="http://www.xbrl.org/2003/arcrole/summation-item" xlink:from="NetCashProvidedByUsedInInvestmentActivities" xlink:to="RepaymentsOfTenantLeaseholdAndSecurityDepositsInvCFINV" order="5.47955799102783203125" />    <link:loc xlink:type="locator" xlink:href="http://disclosure.edinet-fsa.go.jp/taxonomy/jppfs/2019-11-01/jppfs_cor_2019-11-01.xsd#jppfs_cor_PaymentsForLeaseAndGuaranteeDepositsInvCF" xlink:label="PaymentsForLeaseAndGuaranteeDepositsInvCF" />    <link:calculationArc xlink:type="arc" weight="1" xlink:arcrole="http://www.xbrl.org/2003/arcrole/summation-item" xlink:from="NetCashProvidedByUsedInInvestmentActivities" xlink:to="PaymentsForLeaseAndGuaranteeDepositsInvCF" order="6.42522048950195312500" />    <link:loc xlink:type="locator" xlink:href="http://disclosure.edinet-fsa.go.jp/taxonomy/jppfs/2019-11-01/jppfs_cor_2019-11-01.xsd#jppfs_cor_ProceedsFromRefundOfLeaseholdAndGuaranteeDepositsInvCFINV" xlink:label="ProceedsFromRefundOfLeaseholdAndGuaranteeDepositsInvCFINV" />    <link:calculationArc xlink:type="arc" weight="1" xlink:arcrole="http://www.xbrl.org/2003/arcrole/summation-item" xlink:from="NetCashProvidedByUsedInInvestmentActivities" xlink:to="ProceedsFromRefundOfLeaseholdAndGuaranteeDepositsInvCFINV" order="6.86652171611785888671875" />    <link:loc xlink:type="locator" xlink:href="tse-anrejpfr-89540-2020-08-31-01-2020-10-19.xsd#tse-anrejpfr-89540_PaymentsIntoRestrictedDepositsHeldInTrustInvCFINV" xlink:label="PaymentsIntoRestrictedDepositsHeldInTrustInvCFINV" />    <link:calculationArc xlink:type="arc" weight="1" xlink:arcrole="http://www.xbrl.org/2003/arcrole/summation-item" xlink:from="NetCashProvidedByUsedInInvestmentActivities" xlink:to="PaymentsIntoRestrictedDepositsHeldInTrustInvCFINV" order="7.3078229427337646484375" />    <link:loc xlink:type="locator" xlink:href="tse-anrejpfr-89540-2020-08-31-01-2020-10-19.xsd#tse-anrejpfr-89540_ProceedsFromWithdrawalOfRestrictedDepositsHeldInTrustInvCFINV" xlink:label="ProceedsFromWithdrawalOfRestrictedDepositsHeldInTrustInvCFINV" />    <link:calculationArc xlink:type="arc" weight="1" xlink:arcrole="http://www.xbrl.org/2003/arcrole/summation-item" xlink:from="NetCashProvidedByUsedInInvestmentActivities" xlink:to="ProceedsFromWithdrawalOfRestrictedDepositsHeldInTrustInvCFINV" order="8.1941630840301513671875" />    <link:loc xlink:type="locator" xlink:href="tse-anrejpfr-89540-2020-08-31-01-2020-10-19.xsd#tse-anrejpfr-89540_ProvisionOfReserveForRepairsAndMaintenanceInvCFINV" xlink:label="ProvisionOfReserveForRepairsAndMaintenanceInvCFINV" />    <link:calculationArc xlink:type="arc" weight="1" xlink:arcrole="http://www.xbrl.org/2003/arcrole/summation-item" xlink:from="NetCashProvidedByUsedInInvestmentActivities" xlink:to="ProvisionOfReserveForRepairsAndMaintenanceInvCFINV" order="9.1941630840301513671875" />    <link:loc xlink:type="locator" xlink:href="http://disclosure.edinet-fsa.go.jp/taxonomy/jppfs/2019-11-01/jppfs_cor_2019-11-01.xsd#jppfs_cor_NetCashProvidedByUsedInFinancingActivities" xlink:label="NetCashProvidedByUsedInFinancingActivities_2" />    <link:calculationArc xlink:type="arc" weight="1" xlink:arcrole="http://www.xbrl.org/2003/arcrole/summation-item" xlink:from="NetIncreaseDecreaseInCashAndCashEquivalents" xlink:to="NetCashProvidedByUsedInFinancingActivities_2" order="3.0" />    <link:loc xlink:type="locator" xlink:href="http://disclosure.edinet-fsa.go.jp/taxonomy/jppfs/2019-11-01/jppfs_cor_2019-11-01.xsd#jppfs_cor_NetCashProvidedByUsedInFinancingActivities" xlink:label="NetCashProvidedByUsedInFinancingActivities" />    <link:loc xlink:type="locator" xlink:href="http://disclosure.edinet-fsa.go.jp/taxonomy/jppfs/2019-11-01/jppfs_cor_2019-11-01.xsd#jppfs_cor_IncreaseInShortTermLoansPayableFinCF" xlink:label="IncreaseInShortTermLoansPayableFinCF" />    <link:calculationArc xlink:type="arc" weight="1" xlink:arcrole="http://www.xbrl.org/2003/arcrole/summation-item" xlink:from="NetCashProvidedByUsedInFinancingActivities" xlink:to="IncreaseInShortTermLoansPayableFinCF" order="0.9375" />    <link:loc xlink:type="locator" xlink:href="http://disclosure.edinet-fsa.go.jp/taxonomy/jppfs/2019-11-01/jppfs_cor_2019-11-01.xsd#jppfs_cor_DecreaseInShortTermLoansPayableFinCF" xlink:label="DecreaseInShortTermLoansPayableFinCF" />    <link:calculationArc xlink:type="arc" weight="1" xlink:arcrole="http://www.xbrl.org/2003/arcrole/summation-item" xlink:from="NetCashProvidedByUsedInFinancingActivities" xlink:to="DecreaseInShortTermLoansPayableFinCF" order="1.96875" />    <link:loc xlink:type="locator" xlink:href="http://disclosure.edinet-fsa.go.jp/taxonomy/jppfs/2019-11-01/jppfs_cor_2019-11-01.xsd#jppfs_cor_ProceedsFromLongTermLoansPayableFinCF" xlink:label="ProceedsFromLongTermLoansPayableFinCF" />    <link:calculationArc xlink:type="arc" weight="1" xlink:arcrole="http://www.xbrl.org/2003/arcrole/summation-item" xlink:from="NetCashProvidedByUsedInFinancingActivities" xlink:to="ProceedsFromLongTermLoansPayableFinCF" order="3.0" />    <link:loc xlink:type="locator" xlink:href="http://disclosure.edinet-fsa.go.jp/taxonomy/jppfs/2019-11-01/jppfs_cor_2019-11-01.xsd#jppfs_cor_RepaymentOfLongTermLoansPayableFinCF" xlink:label="RepaymentOfLongTermLoansPayableFinCF" />    <link:calculationArc xlink:type="arc" weight="1" xlink:arcrole="http://www.xbrl.org/2003/arcrole/summation-item" xlink:from="NetCashProvidedByUsedInFinancingActivities" xlink:to="RepaymentOfLongTermLoansPayableFinCF" order="4.0" />    <link:loc xlink:type="locator" xlink:href="http://disclosure.edinet-fsa.go.jp/taxonomy/jppfs/2019-11-01/jppfs_cor_2019-11-01.xsd#jppfs_cor_ProceedsFromIssuanceOfInvestmentCorporationBondsFinCFINV" xlink:label="ProceedsFromIssuanceOfInvestmentCorporationBondsFinCFINV" />    <link:calculationArc xlink:type="arc" weight="1" xlink:arcrole="http://www.xbrl.org/2003/arcrole/summation-item" xlink:from="NetCashProvidedByUsedInFinancingActivities" xlink:to="ProceedsFromIssuanceOfInvestmentCorporationBondsFinCFINV" order="4.62500" />    <link:loc xlink:type="locator" xlink:href="http://disclosure.edinet-fsa.go.jp/taxonomy/jppfs/2019-11-01/jppfs_cor_2019-11-01.xsd#jppfs_cor_PaymentsOfInvestmentCorporationBondIssuanceCostsFinCFINV" xlink:label="PaymentsOfInvestmentCorporationBondIssuanceCostsFinCFINV" />    <link:calculationArc xlink:type="arc" weight="1" xlink:arcrole="http://www.xbrl.org/2003/arcrole/summation-item" xlink:from="NetCashProvidedByUsedInFinancingActivities" xlink:to="PaymentsOfInvestmentCorporationBondIssuanceCostsFinCFINV" order="7.07421875" />    <link:loc xlink:type="locator" xlink:href="http://disclosure.edinet-fsa.go.jp/taxonomy/jppfs/2019-11-01/jppfs_cor_2019-11-01.xsd#jppfs_cor_DividendsPaidFinCFINV" xlink:label="DividendsPaidFinCFINV" />    <link:calculationArc xlink:type="arc" weight="1" xlink:arcrole="http://www.xbrl.org/2003/arcrole/summation-item" xlink:from="NetCashProvidedByUsedInFinancingActivities" xlink:to="DividendsPaidFinCFINV" order="8.07421875" />  </link:calculationLink></link:linkbase>