<?xml version="1.0" encoding="utf-8"?>
<!-- Generated by PRONEXUS WORKS --><link:linkbase xmlns:link="http://www.xbrl.org/2003/linkbase" xmlns:xsi="http://www.w3.org/2001/XMLSchema-instance" xmlns:xbrli="http://www.xbrl.org/2003/instance" xmlns:xlink="http://www.w3.org/1999/xlink">  <link:labelLink xlink:type="extended" xlink:role="http://www.xbrl.org/2003/role/link">    <link:loc xlink:type="locator" xlink:href="tse-anrejpfr-89540-2020-08-31-01-2020-10-19.xsd#tse-anrejpfr-89540_BuildingsAndAccompanyingFacilitiesInTrustINV" xlink:label="BuildingsAndAccompanyingFacilitiesInTrustINV" />    <link:loc xlink:type="locator" xlink:href="tse-anrejpfr-89540-2020-08-31-01-2020-10-19.xsd#tse-anrejpfr-89540_AccumulatedDepreciationBuildingsAndAccompanyingFacilitiesInTrustINV" xlink:label="AccumulatedDepreciationBuildingsAndAccompanyingFacilitiesInTrustINV" />    <link:loc xlink:type="locator" xlink:href="tse-anrejpfr-89540-2020-08-31-01-2020-10-19.xsd#tse-anrejpfr-89540_BuildingsAndAccompanyingFacilitiesInTrustNetINV" xlink:label="BuildingsAndAccompanyingFacilitiesInTrustNetINV" />    <link:loc xlink:type="locator" xlink:href="tse-anrejpfr-89540-2020-08-31-01-2020-10-19.xsd#tse-anrejpfr-89540_ReserveForRepairsAndMaintenanceIOAINV" xlink:label="ReserveForRepairsAndMaintenanceIOAINV" />    <link:loc xlink:type="locator" xlink:href="tse-anrejpfr-89540-2020-08-31-01-2020-10-19.xsd#tse-anrejpfr-89540_PaymentsOfLongTermPrepaidExpensesOpeCFINV" xlink:label="PaymentsOfLongTermPrepaidExpensesOpeCFINV" />    <link:loc xlink:type="locator" xlink:href="tse-anrejpfr-89540-2020-08-31-01-2020-10-19.xsd#tse-anrejpfr-89540_ReversalOfReserveForRepairsAndMaintenanceOpeCFINV" xlink:label="ReversalOfReserveForRepairsAndMaintenanceOpeCFINV" />    <link:loc xlink:type="locator" xlink:href="tse-anrejpfr-89540-2020-08-31-01-2020-10-19.xsd#tse-anrejpfr-89540_PaymentsIntoRestrictedDepositsHeldInTrustInvCFINV" xlink:label="PaymentsIntoRestrictedDepositsHeldInTrustInvCFINV" />    <link:loc xlink:type="locator" xlink:href="tse-anrejpfr-89540-2020-08-31-01-2020-10-19.xsd#tse-anrejpfr-89540_ProceedsFromWithdrawalOfRestrictedDepositsHeldInTrustInvCFINV" xlink:label="ProceedsFromWithdrawalOfRestrictedDepositsHeldInTrustInvCFINV" />    <link:loc xlink:type="locator" xlink:href="tse-anrejpfr-89540-2020-08-31-01-2020-10-19.xsd#tse-anrejpfr-89540_ProvisionOfReserveForRepairsAndMaintenanceInvCFINV" xlink:label="ProvisionOfReserveForRepairsAndMaintenanceInvCFINV" />    <link:loc xlink:type="locator" xlink:href="tse-anrejpfr-89540-2020-08-31-01-2020-10-19.xsd#tse-anrejpfr-89540_AdministrativeServiceFeesINV" xlink:label="AdministrativeServiceFeesINV" />    <link:label xlink:type="resource" xlink:label="label_BuildingsAndAccompanyingFacilitiesInTrustINV" xml:lang="ja" xlink:role="http://www.xbrl.org/2003/role/label" id="label_BuildingsAndAccompanyingFacilitiesInTrustINV">信託建物附属設備</link:label>    <link:labelArc xlink:type="arc" xlink:arcrole="http://www.xbrl.org/2003/arcrole/concept-label" xlink:from="BuildingsAndAccompanyingFacilitiesInTrustINV" xlink:to="label_BuildingsAndAccompanyingFacilitiesInTrustINV" />    <link:label xlink:type="resource" xlink:label="label_BuildingsAndAccompanyingFacilitiesInTrustINV_2" xml:lang="ja" xlink:role="http://www.xbrl.org/2003/role/verboseLabel" id="label_BuildingsAndAccompanyingFacilitiesInTrustINV_2">信託建物附属設備、投資業</link:label>    <link:labelArc xlink:type="arc" xlink:arcrole="http://www.xbrl.org/2003/arcrole/concept-label" xlink:from="BuildingsAndAccompanyingFacilitiesInTrustINV" xlink:to="label_BuildingsAndAccompanyingFacilitiesInTrustINV_2" />    <link:label xlink:type="resource" xlink:label="label_AccumulatedDepreciationBuildingsAndAccompanyingFacilitiesInTrustINV" xml:lang="ja" xlink:role="http://www.xbrl.org/2003/role/label" id="label_AccumulatedDepreciationBuildingsAndAccompanyingFacilitiesInTrustINV">減価償却累計額</link:label>    <link:labelArc xlink:type="arc" xlink:arcrole="http://www.xbrl.org/2003/arcrole/concept-label" xlink:from="AccumulatedDepreciationBuildingsAndAccompanyingFacilitiesInTrustINV" xlink:to="label_AccumulatedDepreciationBuildingsAndAccompanyingFacilitiesInTrustINV" />    <link:label xlink:type="resource" xlink:label="label_AccumulatedDepreciationBuildingsAndAccompanyingFacilitiesInTrustINV_2" xml:lang="ja" xlink:role="http://www.xbrl.org/2003/role/verboseLabel" id="label_AccumulatedDepreciationBuildingsAndAccompanyingFacilitiesInTrustINV_2">減価償却累計額、信託建物附属設備、投資業</link:label>    <link:labelArc xlink:type="arc" xlink:arcrole="http://www.xbrl.org/2003/arcrole/concept-label" xlink:from="AccumulatedDepreciationBuildingsAndAccompanyingFacilitiesInTrustINV" xlink:to="label_AccumulatedDepreciationBuildingsAndAccompanyingFacilitiesInTrustINV_2" />    <link:label xlink:type="resource" xlink:label="label_BuildingsAndAccompanyingFacilitiesInTrustNetINV" xml:lang="ja" xlink:role="http://www.xbrl.org/2003/role/label" id="label_BuildingsAndAccompanyingFacilitiesInTrustNetINV">信託建物附属設備（純額）</link:label>    <link:labelArc xlink:type="arc" xlink:arcrole="http://www.xbrl.org/2003/arcrole/concept-label" xlink:from="BuildingsAndAccompanyingFacilitiesInTrustNetINV" xlink:to="label_BuildingsAndAccompanyingFacilitiesInTrustNetINV" />    <link:label xlink:type="resource" xlink:label="label_BuildingsAndAccompanyingFacilitiesInTrustNetINV_2" xml:lang="ja" xlink:role="http://www.xbrl.org/2003/role/verboseLabel" id="label_BuildingsAndAccompanyingFacilitiesInTrustNetINV_2">信託建物附属設備（純額）、投資業</link:label>    <link:labelArc xlink:type="arc" xlink:arcrole="http://www.xbrl.org/2003/arcrole/concept-label" xlink:from="BuildingsAndAccompanyingFacilitiesInTrustNetINV" xlink:to="label_BuildingsAndAccompanyingFacilitiesInTrustNetINV_2" />    <link:label xlink:type="resource" xlink:label="label_ReserveForRepairsAndMaintenanceIOAINV" xml:lang="ja" xlink:role="http://www.xbrl.org/2003/role/label" id="label_ReserveForRepairsAndMaintenanceIOAINV">修繕積立金</link:label>    <link:labelArc xlink:type="arc" xlink:arcrole="http://www.xbrl.org/2003/arcrole/concept-label" xlink:from="ReserveForRepairsAndMaintenanceIOAINV" xlink:to="label_ReserveForRepairsAndMaintenanceIOAINV" />    <link:label xlink:type="resource" xlink:label="label_ReserveForRepairsAndMaintenanceIOAINV_2" xml:lang="ja" xlink:role="http://www.xbrl.org/2003/role/verboseLabel" id="label_ReserveForRepairsAndMaintenanceIOAINV_2">修繕積立金、投資その他の資産、投資業</link:label>    <link:labelArc xlink:type="arc" xlink:arcrole="http://www.xbrl.org/2003/arcrole/concept-label" xlink:from="ReserveForRepairsAndMaintenanceIOAINV" xlink:to="label_ReserveForRepairsAndMaintenanceIOAINV_2" />    <link:label xlink:type="resource" xlink:label="label_AdministrativeServiceFeesINV" xml:lang="ja" xlink:role="http://www.xbrl.org/2003/role/label" id="label_AdministrativeServiceFeesINV">資産保管及び一般事務委託手数料</link:label>    <link:labelArc xlink:type="arc" xlink:arcrole="http://www.xbrl.org/2003/arcrole/concept-label" xlink:from="AdministrativeServiceFeesINV" xlink:to="label_AdministrativeServiceFeesINV" />    <link:label xlink:type="resource" xlink:label="label_AdministrativeServiceFeesINV_2" xml:lang="ja" xlink:role="http://www.xbrl.org/2003/role/verboseLabel" id="label_AdministrativeServiceFeesINV_2">資産保管及び一般事務委託手数料、営業費用、投資業</link:label>    <link:labelArc xlink:type="arc" xlink:arcrole="http://www.xbrl.org/2003/arcrole/concept-label" xlink:from="AdministrativeServiceFeesINV" xlink:to="label_AdministrativeServiceFeesINV_2" />    <link:label xlink:type="resource" xlink:label="label_PaymentsOfLongTermPrepaidExpensesOpeCFINV" xml:lang="ja" xlink:role="http://www.xbrl.org/2003/role/label" id="label_PaymentsOfLongTermPrepaidExpensesOpeCFINV">長期前払費用の支払額</link:label>    <link:labelArc xlink:type="arc" xlink:arcrole="http://www.xbrl.org/2003/arcrole/concept-label" xlink:from="PaymentsOfLongTermPrepaidExpensesOpeCFINV" xlink:to="label_PaymentsOfLongTermPrepaidExpensesOpeCFINV" />    <link:label xlink:type="resource" xlink:label="label_PaymentsOfLongTermPrepaidExpensesOpeCFINV_2" xml:lang="ja" xlink:role="http://www.xbrl.org/2003/role/verboseLabel" id="label_PaymentsOfLongTermPrepaidExpensesOpeCFINV_2">長期前払費用の支払額、営業活動によるキャッシュ・フロー、投資業</link:label>    <link:labelArc xlink:type="arc" xlink:arcrole="http://www.xbrl.org/2003/arcrole/concept-label" xlink:from="PaymentsOfLongTermPrepaidExpensesOpeCFINV" xlink:to="label_PaymentsOfLongTermPrepaidExpensesOpeCFINV_2" />    <link:label xlink:type="resource" xlink:label="label_ReversalOfReserveForRepairsAndMaintenanceOpeCFINV" xml:lang="ja" xlink:role="http://www.xbrl.org/2003/role/label" id="label_ReversalOfReserveForRepairsAndMaintenanceOpeCFINV">修繕積立金の取崩額</link:label>    <link:labelArc xlink:type="arc" xlink:arcrole="http://www.xbrl.org/2003/arcrole/concept-label" xlink:from="ReversalOfReserveForRepairsAndMaintenanceOpeCFINV" xlink:to="label_ReversalOfReserveForRepairsAndMaintenanceOpeCFINV" />    <link:label xlink:type="resource" xlink:label="label_ReversalOfReserveForRepairsAndMaintenanceOpeCFINV_2" xml:lang="ja" xlink:role="http://www.xbrl.org/2003/role/verboseLabel" id="label_ReversalOfReserveForRepairsAndMaintenanceOpeCFINV_2">修繕積立金の取崩額、営業活動によるキャッシュ・フロー、投資業</link:label>    <link:labelArc xlink:type="arc" xlink:arcrole="http://www.xbrl.org/2003/arcrole/concept-label" xlink:from="ReversalOfReserveForRepairsAndMaintenanceOpeCFINV" xlink:to="label_ReversalOfReserveForRepairsAndMaintenanceOpeCFINV_2" />    <link:label xlink:type="resource" xlink:label="label_PaymentsIntoRestrictedDepositsHeldInTrustInvCFINV" xml:lang="ja" xlink:role="http://www.xbrl.org/2003/role/label" id="label_PaymentsIntoRestrictedDepositsHeldInTrustInvCFINV">使途制限付信託預金の預入による支出</link:label>    <link:labelArc xlink:type="arc" xlink:arcrole="http://www.xbrl.org/2003/arcrole/concept-label" xlink:from="PaymentsIntoRestrictedDepositsHeldInTrustInvCFINV" xlink:to="label_PaymentsIntoRestrictedDepositsHeldInTrustInvCFINV" />    <link:label xlink:type="resource" xlink:label="label_PaymentsIntoRestrictedDepositsHeldInTrustInvCFINV_2" xml:lang="ja" xlink:role="http://www.xbrl.org/2003/role/verboseLabel" id="label_PaymentsIntoRestrictedDepositsHeldInTrustInvCFINV_2">使途制限付信託預金の預入による支出</link:label>    <link:labelArc xlink:type="arc" xlink:arcrole="http://www.xbrl.org/2003/arcrole/concept-label" xlink:from="PaymentsIntoRestrictedDepositsHeldInTrustInvCFINV" xlink:to="label_PaymentsIntoRestrictedDepositsHeldInTrustInvCFINV_2" />    <link:label xlink:type="resource" xlink:label="label_ProceedsFromWithdrawalOfRestrictedDepositsHeldInTrustInvCFINV" xml:lang="ja" xlink:role="http://www.xbrl.org/2003/role/label" id="label_ProceedsFromWithdrawalOfRestrictedDepositsHeldInTrustInvCFINV">使途制限付信託預金の払戻による収入</link:label>    <link:labelArc xlink:type="arc" xlink:arcrole="http://www.xbrl.org/2003/arcrole/concept-label" xlink:from="ProceedsFromWithdrawalOfRestrictedDepositsHeldInTrustInvCFINV" xlink:to="label_ProceedsFromWithdrawalOfRestrictedDepositsHeldInTrustInvCFINV" />    <link:label xlink:type="resource" xlink:label="label_ProceedsFromWithdrawalOfRestrictedDepositsHeldInTrustInvCFINV_2" xml:lang="ja" xlink:role="http://www.xbrl.org/2003/role/verboseLabel" id="label_ProceedsFromWithdrawalOfRestrictedDepositsHeldInTrustInvCFINV_2">使途制限付信託預金の払戻による収入</link:label>    <link:labelArc xlink:type="arc" xlink:arcrole="http://www.xbrl.org/2003/arcrole/concept-label" xlink:from="ProceedsFromWithdrawalOfRestrictedDepositsHeldInTrustInvCFINV" xlink:to="label_ProceedsFromWithdrawalOfRestrictedDepositsHeldInTrustInvCFINV_2" />    <link:label xlink:type="resource" xlink:label="label_ProvisionOfReserveForRepairsAndMaintenanceInvCFINV" xml:lang="ja" xlink:role="http://www.xbrl.org/2003/role/label" id="label_ProvisionOfReserveForRepairsAndMaintenanceInvCFINV">修繕積立金の支出</link:label>    <link:labelArc xlink:type="arc" xlink:arcrole="http://www.xbrl.org/2003/arcrole/concept-label" xlink:from="ProvisionOfReserveForRepairsAndMaintenanceInvCFINV" xlink:to="label_ProvisionOfReserveForRepairsAndMaintenanceInvCFINV" />    <link:label xlink:type="resource" xlink:label="label_ProvisionOfReserveForRepairsAndMaintenanceInvCFINV_2" xml:lang="ja" xlink:role="http://www.xbrl.org/2003/role/verboseLabel" id="label_ProvisionOfReserveForRepairsAndMaintenanceInvCFINV_2">修繕積立金の支出、投資活動によるキャッシュ・フロー、投資業</link:label>    <link:labelArc xlink:type="arc" xlink:arcrole="http://www.xbrl.org/2003/arcrole/concept-label" xlink:from="ProvisionOfReserveForRepairsAndMaintenanceInvCFINV" xlink:to="label_ProvisionOfReserveForRepairsAndMaintenanceInvCFINV_2" />  </link:labelLink></link:linkbase>