﻿<?xml version="1.0" encoding="utf-8"?>
<!-- Edited with FutureStage XBRL Solution Library .NET 01-11 -->
<link:linkbase xmlns:xlink="http://www.w3.org/1999/xlink" xmlns:xsi="http://www.w3.org/2001/XMLSchema-instance" xmlns:link="http://www.xbrl.org/2003/linkbase">
  <link:labelLink xlink:type="extended" xlink:role="http://www.xbrl.org/2003/role/link">
    <link:label xml:lang="en" xlink:type="resource" xlink:label="tse-qnedjpfr-86170_DecreaseInTradeDateAccrualOpeCFSEC_label" xlink:role="http://www.xbrl.org/2003/role/label">Decrease in trade date accrual</link:label>
    <link:label xml:lang="en" xlink:type="resource" xlink:label="tse-qnedjpfr-86170_DecreaseInTradeDateAccrualOpeCFSEC_label_1" xlink:role="http://www.xbrl.org/2003/role/verboseLabel">Decrease in trade date accrual-OpeCF-SEC</link:label>
    <link:label xml:lang="en" xlink:type="resource" xlink:label="tse-qnedjpfr-86170_LongTermAdvancePaidIOASEC_label_1" xlink:role="http://www.xbrl.org/2003/role/label">Long term advance paid</link:label>
    <link:label xml:lang="en" xlink:type="resource" xlink:label="tse-qnedjpfr-86170_LongTermAdvancePaidIOASEC_label_2" xlink:role="http://www.xbrl.org/2003/role/verboseLabel">Long term advance paid-IOA-SEC</link:label>
    <link:label xml:lang="en" xlink:type="resource" xlink:label="tse-qnedjpfr-86170_LongTermAdvancePaidIOASEC_label" xlink:role="http://www.xbrl.org/2003/role/documentation">Long term advance paid-IOA-SEC</link:label>
    <link:label xml:lang="en" xlink:type="resource" xlink:label="tse-qnedjpfr-86170_ProseedsFromDistributionOfInvestmentInPartnershipsInvCF_label_1" xlink:role="http://www.xbrl.org/2003/role/label">Proseeds from distribution of investment in partnerships</link:label>
    <link:label xml:lang="en" xlink:type="resource" xlink:label="tse-qnedjpfr-86170_ProseedsFromDistributionOfInvestmentInPartnershipsInvCF_label_2" xlink:role="http://www.xbrl.org/2003/role/verboseLabel">Proseeds from distribution of investment in partnerships-InvCF</link:label>
    <link:label xml:lang="en" xlink:type="resource" xlink:label="tse-qnedjpfr-86170_ProseedsFromDistributionOfInvestmentInPartnershipsInvCF_label" xlink:role="http://www.xbrl.org/2003/role/documentation">Proseeds from distribution of investment in partnerships-InvCF</link:label>
    <link:loc xlink:type="locator" xlink:href="tse-qnedjpfr-86170-2020-09-30-01-2020-10-19.xsd#tse-qnedjpfr-86170_DecreaseInTradeDateAccrualOpeCFSEC" xlink:label="tse-qnedjpfr-86170_DecreaseInTradeDateAccrualOpeCFSEC" />
    <link:loc xlink:type="locator" xlink:href="tse-qnedjpfr-86170-2020-09-30-01-2020-10-19.xsd#tse-qnedjpfr-86170_LongTermAdvancePaidIOASEC" xlink:label="tse-qnedjpfr-86170_LongTermAdvancePaidIOASEC" />
    <link:loc xlink:type="locator" xlink:href="tse-qnedjpfr-86170-2020-09-30-01-2020-10-19.xsd#tse-qnedjpfr-86170_ProseedsFromDistributionOfInvestmentInPartnershipsInvCF" xlink:label="tse-qnedjpfr-86170_ProseedsFromDistributionOfInvestmentInPartnershipsInvCF" />
    <link:labelArc xlink:type="arc" xlink:from="tse-qnedjpfr-86170_DecreaseInTradeDateAccrualOpeCFSEC" xlink:to="tse-qnedjpfr-86170_DecreaseInTradeDateAccrualOpeCFSEC_label_1" xlink:arcrole="http://www.xbrl.org/2003/arcrole/concept-label" order="1" />
    <link:labelArc xlink:type="arc" xlink:from="tse-qnedjpfr-86170_DecreaseInTradeDateAccrualOpeCFSEC" xlink:to="tse-qnedjpfr-86170_DecreaseInTradeDateAccrualOpeCFSEC_label" xlink:arcrole="http://www.xbrl.org/2003/arcrole/concept-label" order="1" />
    <link:labelArc xlink:type="arc" xlink:from="tse-qnedjpfr-86170_LongTermAdvancePaidIOASEC" xlink:to="tse-qnedjpfr-86170_LongTermAdvancePaidIOASEC_label_2" xlink:arcrole="http://www.xbrl.org/2003/arcrole/concept-label" order="1" />
    <link:labelArc xlink:type="arc" xlink:from="tse-qnedjpfr-86170_LongTermAdvancePaidIOASEC" xlink:to="tse-qnedjpfr-86170_LongTermAdvancePaidIOASEC_label_1" xlink:arcrole="http://www.xbrl.org/2003/arcrole/concept-label" order="1" />
    <link:labelArc xlink:type="arc" xlink:from="tse-qnedjpfr-86170_LongTermAdvancePaidIOASEC" xlink:to="tse-qnedjpfr-86170_LongTermAdvancePaidIOASEC_label" xlink:arcrole="http://www.xbrl.org/2003/arcrole/concept-label" order="1" />
    <link:labelArc xlink:type="arc" xlink:from="tse-qnedjpfr-86170_ProseedsFromDistributionOfInvestmentInPartnershipsInvCF" xlink:to="tse-qnedjpfr-86170_ProseedsFromDistributionOfInvestmentInPartnershipsInvCF_label_2" xlink:arcrole="http://www.xbrl.org/2003/arcrole/concept-label" order="1" />
    <link:labelArc xlink:type="arc" xlink:from="tse-qnedjpfr-86170_ProseedsFromDistributionOfInvestmentInPartnershipsInvCF" xlink:to="tse-qnedjpfr-86170_ProseedsFromDistributionOfInvestmentInPartnershipsInvCF_label_1" xlink:arcrole="http://www.xbrl.org/2003/arcrole/concept-label" order="1" />
    <link:labelArc xlink:type="arc" xlink:from="tse-qnedjpfr-86170_ProseedsFromDistributionOfInvestmentInPartnershipsInvCF" xlink:to="tse-qnedjpfr-86170_ProseedsFromDistributionOfInvestmentInPartnershipsInvCF_label" xlink:arcrole="http://www.xbrl.org/2003/arcrole/concept-label" order="1" />
  </link:labelLink>
</link:linkbase>