﻿<?xml version="1.0" encoding="utf-8"?>
<!-- Edited with FutureStage XBRL Solution Library .NET 01-11 -->
<link:linkbase xmlns:xlink="http://www.w3.org/1999/xlink" xmlns:xsi="http://www.w3.org/2001/XMLSchema-instance" xmlns:link="http://www.xbrl.org/2003/linkbase">
  <link:roleRef xlink:type="simple" xlink:href="http://disclosure.edinet-fsa.go.jp/taxonomy/jppfs/2019-11-01/jppfs_rt_2019-11-01.xsd#rol_QuarterlyBalanceSheet" roleURI="http://disclosure.edinet-fsa.go.jp/role/jppfs/rol_QuarterlyBalanceSheet" />
  <link:roleRef xlink:type="simple" xlink:href="http://disclosure.edinet-fsa.go.jp/taxonomy/jppfs/2019-11-01/jppfs_rt_2019-11-01.xsd#rol_QuarterlyStatementOfCashFlows-indirect" roleURI="http://disclosure.edinet-fsa.go.jp/role/jppfs/rol_QuarterlyStatementOfCashFlows-indirect" />
  <link:roleRef xlink:type="simple" xlink:href="http://disclosure.edinet-fsa.go.jp/taxonomy/jppfs/2019-11-01/jppfs_rt_2019-11-01.xsd#rol_YearToQuarterEndStatementOfIncome" roleURI="http://disclosure.edinet-fsa.go.jp/role/jppfs/rol_YearToQuarterEndStatementOfIncome" />
  <link:calculationLink xlink:type="extended" xlink:role="http://disclosure.edinet-fsa.go.jp/role/jppfs/rol_QuarterlyBalanceSheet">
    <link:loc xlink:type="locator" xlink:href="http://disclosure.edinet-fsa.go.jp/taxonomy/jppfs/2019-11-01/jppfs_cor_2019-11-01.xsd#jppfs_cor_AccountsPayableOther" xlink:label="jppfs_cor_AccountsPayableOther" />
    <link:loc xlink:type="locator" xlink:href="http://disclosure.edinet-fsa.go.jp/taxonomy/jppfs/2019-11-01/jppfs_cor_2019-11-01.xsd#jppfs_cor_AccountsReceivableOther" xlink:label="jppfs_cor_AccountsReceivableOther" />
    <link:loc xlink:type="locator" xlink:href="http://disclosure.edinet-fsa.go.jp/taxonomy/jppfs/2019-11-01/jppfs_cor_2019-11-01.xsd#jppfs_cor_AccruedExpenses" xlink:label="jppfs_cor_AccruedExpenses" />
    <link:loc xlink:type="locator" xlink:href="http://disclosure.edinet-fsa.go.jp/taxonomy/jppfs/2019-11-01/jppfs_cor_2019-11-01.xsd#jppfs_cor_AccruedIncome" xlink:label="jppfs_cor_AccruedIncome" />
    <link:loc xlink:type="locator" xlink:href="http://disclosure.edinet-fsa.go.jp/taxonomy/jppfs/2019-11-01/jppfs_cor_2019-11-01.xsd#jppfs_cor_AdvancePaymentsCASEC" xlink:label="jppfs_cor_AdvancePaymentsCASEC" />
    <link:loc xlink:type="locator" xlink:href="http://disclosure.edinet-fsa.go.jp/taxonomy/jppfs/2019-11-01/jppfs_cor_2019-11-01.xsd#jppfs_cor_AdvancesPaidCASEC" xlink:label="jppfs_cor_AdvancesPaidCASEC" />
    <link:loc xlink:type="locator" xlink:href="http://disclosure.edinet-fsa.go.jp/taxonomy/jppfs/2019-11-01/jppfs_cor_2019-11-01.xsd#jppfs_cor_AllowanceForDoubtfulAccountsIOAByGroup" xlink:label="jppfs_cor_AllowanceForDoubtfulAccountsIOAByGroup" />
    <link:loc xlink:type="locator" xlink:href="http://disclosure.edinet-fsa.go.jp/taxonomy/jppfs/2019-11-01/jppfs_cor_2019-11-01.xsd#jppfs_cor_Assets" xlink:label="jppfs_cor_Assets" />
    <link:loc xlink:type="locator" xlink:href="http://disclosure.edinet-fsa.go.jp/taxonomy/jppfs/2019-11-01/jppfs_cor_2019-11-01.xsd#jppfs_cor_BorrowingsOnMarginTransactionsCLSEC" xlink:label="jppfs_cor_BorrowingsOnMarginTransactionsCLSEC" />
    <link:loc xlink:type="locator" xlink:href="http://disclosure.edinet-fsa.go.jp/taxonomy/jppfs/2019-11-01/jppfs_cor_2019-11-01.xsd#jppfs_cor_BuildingsNet" xlink:label="jppfs_cor_BuildingsNet" />
    <link:loc xlink:type="locator" xlink:href="http://disclosure.edinet-fsa.go.jp/taxonomy/jppfs/2019-11-01/jppfs_cor_2019-11-01.xsd#jppfs_cor_CapitalStock" xlink:label="jppfs_cor_CapitalStock" />
    <link:loc xlink:type="locator" xlink:href="http://disclosure.edinet-fsa.go.jp/taxonomy/jppfs/2019-11-01/jppfs_cor_2019-11-01.xsd#jppfs_cor_CapitalSurplus" xlink:label="jppfs_cor_CapitalSurplus" />
    <link:loc xlink:type="locator" xlink:href="http://disclosure.edinet-fsa.go.jp/taxonomy/jppfs/2019-11-01/jppfs_cor_2019-11-01.xsd#jppfs_cor_CashAndDeposits" xlink:label="jppfs_cor_CashAndDeposits" />
    <link:loc xlink:type="locator" xlink:href="http://disclosure.edinet-fsa.go.jp/taxonomy/jppfs/2019-11-01/jppfs_cor_2019-11-01.xsd#jppfs_cor_CashCollateralPledgedForSecuritiesBorrowedCASEC" xlink:label="jppfs_cor_CashCollateralPledgedForSecuritiesBorrowedCASEC" />
    <link:loc xlink:type="locator" xlink:href="http://disclosure.edinet-fsa.go.jp/taxonomy/jppfs/2019-11-01/jppfs_cor_2019-11-01.xsd#jppfs_cor_CashCollateralPledgedForSecuritiesBorrowingOnMarginTransactionsCASEC" xlink:label="jppfs_cor_CashCollateralPledgedForSecuritiesBorrowingOnMarginTransactionsCASEC" />
    <link:loc xlink:type="locator" xlink:href="http://disclosure.edinet-fsa.go.jp/taxonomy/jppfs/2019-11-01/jppfs_cor_2019-11-01.xsd#jppfs_cor_CashReceivedForSecuritiesLendingOnMarginTransactionsCLSEC" xlink:label="jppfs_cor_CashReceivedForSecuritiesLendingOnMarginTransactionsCLSEC" />
    <link:loc xlink:type="locator" xlink:href="http://disclosure.edinet-fsa.go.jp/taxonomy/jppfs/2019-11-01/jppfs_cor_2019-11-01.xsd#jppfs_cor_CashSegregatedAsDepositsCASEC" xlink:label="jppfs_cor_CashSegregatedAsDepositsCASEC" />
    <link:loc xlink:type="locator" xlink:href="http://disclosure.edinet-fsa.go.jp/taxonomy/jppfs/2019-11-01/jppfs_cor_2019-11-01.xsd#jppfs_cor_CurrentAssets" xlink:label="jppfs_cor_CurrentAssets" />
    <link:loc xlink:type="locator" xlink:href="http://disclosure.edinet-fsa.go.jp/taxonomy/jppfs/2019-11-01/jppfs_cor_2019-11-01.xsd#jppfs_cor_CurrentLiabilities" xlink:label="jppfs_cor_CurrentLiabilities" />
    <link:loc xlink:type="locator" xlink:href="http://disclosure.edinet-fsa.go.jp/taxonomy/jppfs/2019-11-01/jppfs_cor_2019-11-01.xsd#jppfs_cor_DeferredTaxLiabilities" xlink:label="jppfs_cor_DeferredTaxLiabilities" />
    <link:loc xlink:type="locator" xlink:href="http://disclosure.edinet-fsa.go.jp/taxonomy/jppfs/2019-11-01/jppfs_cor_2019-11-01.xsd#jppfs_cor_DepositsForOthersCLSEC" xlink:label="jppfs_cor_DepositsForOthersCLSEC" />
    <link:loc xlink:type="locator" xlink:href="http://disclosure.edinet-fsa.go.jp/taxonomy/jppfs/2019-11-01/jppfs_cor_2019-11-01.xsd#jppfs_cor_DepositsFromCustomersCLSEC" xlink:label="jppfs_cor_DepositsFromCustomersCLSEC" />
    <link:loc xlink:type="locator" xlink:href="http://disclosure.edinet-fsa.go.jp/taxonomy/jppfs/2019-11-01/jppfs_cor_2019-11-01.xsd#jppfs_cor_DepositsReceivedCLSEC" xlink:label="jppfs_cor_DepositsReceivedCLSEC" />
    <link:loc xlink:type="locator" xlink:href="http://disclosure.edinet-fsa.go.jp/taxonomy/jppfs/2019-11-01/jppfs_cor_2019-11-01.xsd#jppfs_cor_DerivativesCASEC" xlink:label="jppfs_cor_DerivativesCASEC" />
    <link:loc xlink:type="locator" xlink:href="http://disclosure.edinet-fsa.go.jp/taxonomy/jppfs/2019-11-01/jppfs_cor_2019-11-01.xsd#jppfs_cor_DerivativesCLSEC" xlink:label="jppfs_cor_DerivativesCLSEC" />
    <link:loc xlink:type="locator" xlink:href="http://disclosure.edinet-fsa.go.jp/taxonomy/jppfs/2019-11-01/jppfs_cor_2019-11-01.xsd#jppfs_cor_EquipmentPPESEC" xlink:label="jppfs_cor_EquipmentPPESEC" />
    <link:loc xlink:type="locator" xlink:href="http://disclosure.edinet-fsa.go.jp/taxonomy/jppfs/2019-11-01/jppfs_cor_2019-11-01.xsd#jppfs_cor_GuaranteeDepositsReceivedCLSEC" xlink:label="jppfs_cor_GuaranteeDepositsReceivedCLSEC" />
    <link:loc xlink:type="locator" xlink:href="http://disclosure.edinet-fsa.go.jp/taxonomy/jppfs/2019-11-01/jppfs_cor_2019-11-01.xsd#jppfs_cor_IncomeTaxesPayable" xlink:label="jppfs_cor_IncomeTaxesPayable" />
    <link:loc xlink:type="locator" xlink:href="http://disclosure.edinet-fsa.go.jp/taxonomy/jppfs/2019-11-01/jppfs_cor_2019-11-01.xsd#jppfs_cor_IncomeTaxesReceivable" xlink:label="jppfs_cor_IncomeTaxesReceivable" />
    <link:loc xlink:type="locator" xlink:href="http://disclosure.edinet-fsa.go.jp/taxonomy/jppfs/2019-11-01/jppfs_cor_2019-11-01.xsd#jppfs_cor_IntangibleAssets" xlink:label="jppfs_cor_IntangibleAssets" />
    <link:loc xlink:type="locator" xlink:href="http://disclosure.edinet-fsa.go.jp/taxonomy/jppfs/2019-11-01/jppfs_cor_2019-11-01.xsd#jppfs_cor_InvestmentsAndOtherAssets" xlink:label="jppfs_cor_InvestmentsAndOtherAssets" />
    <link:loc xlink:type="locator" xlink:href="http://disclosure.edinet-fsa.go.jp/taxonomy/jppfs/2019-11-01/jppfs_cor_2019-11-01.xsd#jppfs_cor_InvestmentSecurities" xlink:label="jppfs_cor_InvestmentSecurities" />
    <link:loc xlink:type="locator" xlink:href="http://disclosure.edinet-fsa.go.jp/taxonomy/jppfs/2019-11-01/jppfs_cor_2019-11-01.xsd#jppfs_cor_Land" xlink:label="jppfs_cor_Land" />
    <link:loc xlink:type="locator" xlink:href="http://disclosure.edinet-fsa.go.jp/taxonomy/jppfs/2019-11-01/jppfs_cor_2019-11-01.xsd#jppfs_cor_LegalCapitalSurplus" xlink:label="jppfs_cor_LegalCapitalSurplus" />
    <link:loc xlink:type="locator" xlink:href="http://disclosure.edinet-fsa.go.jp/taxonomy/jppfs/2019-11-01/jppfs_cor_2019-11-01.xsd#jppfs_cor_Liabilities" xlink:label="jppfs_cor_Liabilities" />
    <link:loc xlink:type="locator" xlink:href="http://disclosure.edinet-fsa.go.jp/taxonomy/jppfs/2019-11-01/jppfs_cor_2019-11-01.xsd#jppfs_cor_LiabilitiesAndNetAssets" xlink:label="jppfs_cor_LiabilitiesAndNetAssets" />
    <link:loc xlink:type="locator" xlink:href="http://disclosure.edinet-fsa.go.jp/taxonomy/jppfs/2019-11-01/jppfs_cor_2019-11-01.xsd#jppfs_cor_LoansOnMarginTransactionsCASEC" xlink:label="jppfs_cor_LoansOnMarginTransactionsCASEC" />
    <link:loc xlink:type="locator" xlink:href="http://disclosure.edinet-fsa.go.jp/taxonomy/jppfs/2019-11-01/jppfs_cor_2019-11-01.xsd#jppfs_cor_LoansSecuredBySecuritiesCASEC" xlink:label="jppfs_cor_LoansSecuredBySecuritiesCASEC" />
    <link:loc xlink:type="locator" xlink:href="http://disclosure.edinet-fsa.go.jp/taxonomy/jppfs/2019-11-01/jppfs_cor_2019-11-01.xsd#jppfs_cor_MarginTransactionAssetsCASEC" xlink:label="jppfs_cor_MarginTransactionAssetsCASEC" />
    <link:loc xlink:type="locator" xlink:href="http://disclosure.edinet-fsa.go.jp/taxonomy/jppfs/2019-11-01/jppfs_cor_2019-11-01.xsd#jppfs_cor_MarginTransactionLiabilitiesCLSEC" xlink:label="jppfs_cor_MarginTransactionLiabilitiesCLSEC" />
    <link:loc xlink:type="locator" xlink:href="http://disclosure.edinet-fsa.go.jp/taxonomy/jppfs/2019-11-01/jppfs_cor_2019-11-01.xsd#jppfs_cor_NetAssets" xlink:label="jppfs_cor_NetAssets" />
    <link:loc xlink:type="locator" xlink:href="http://disclosure.edinet-fsa.go.jp/taxonomy/jppfs/2019-11-01/jppfs_cor_2019-11-01.xsd#jppfs_cor_NoncurrentAssets" xlink:label="jppfs_cor_NoncurrentAssets" />
    <link:loc xlink:type="locator" xlink:href="http://disclosure.edinet-fsa.go.jp/taxonomy/jppfs/2019-11-01/jppfs_cor_2019-11-01.xsd#jppfs_cor_NoncurrentLiabilities" xlink:label="jppfs_cor_NoncurrentLiabilities" />
    <link:loc xlink:type="locator" xlink:href="http://disclosure.edinet-fsa.go.jp/taxonomy/jppfs/2019-11-01/jppfs_cor_2019-11-01.xsd#jppfs_cor_OtherCapitalSurplus" xlink:label="jppfs_cor_OtherCapitalSurplus" />
    <link:loc xlink:type="locator" xlink:href="http://disclosure.edinet-fsa.go.jp/taxonomy/jppfs/2019-11-01/jppfs_cor_2019-11-01.xsd#jppfs_cor_OtherIA" xlink:label="jppfs_cor_OtherIA" />
    <link:loc xlink:type="locator" xlink:href="http://disclosure.edinet-fsa.go.jp/taxonomy/jppfs/2019-11-01/jppfs_cor_2019-11-01.xsd#jppfs_cor_OtherIOA" xlink:label="jppfs_cor_OtherIOA" />
    <link:loc xlink:type="locator" xlink:href="http://disclosure.edinet-fsa.go.jp/taxonomy/jppfs/2019-11-01/jppfs_cor_2019-11-01.xsd#jppfs_cor_OtherNCL" xlink:label="jppfs_cor_OtherNCL" />
    <link:loc xlink:type="locator" xlink:href="http://disclosure.edinet-fsa.go.jp/taxonomy/jppfs/2019-11-01/jppfs_cor_2019-11-01.xsd#jppfs_cor_PrepaidExpenses" xlink:label="jppfs_cor_PrepaidExpenses" />
    <link:loc xlink:type="locator" xlink:href="http://disclosure.edinet-fsa.go.jp/taxonomy/jppfs/2019-11-01/jppfs_cor_2019-11-01.xsd#jppfs_cor_PropertyPlantAndEquipment" xlink:label="jppfs_cor_PropertyPlantAndEquipment" />
    <link:loc xlink:type="locator" xlink:href="http://disclosure.edinet-fsa.go.jp/taxonomy/jppfs/2019-11-01/jppfs_cor_2019-11-01.xsd#jppfs_cor_ProvisionForBonuses" xlink:label="jppfs_cor_ProvisionForBonuses" />
    <link:loc xlink:type="locator" xlink:href="http://disclosure.edinet-fsa.go.jp/taxonomy/jppfs/2019-11-01/jppfs_cor_2019-11-01.xsd#jppfs_cor_ProvisionForDirectorsRetirementBenefits" xlink:label="jppfs_cor_ProvisionForDirectorsRetirementBenefits" />
    <link:loc xlink:type="locator" xlink:href="http://disclosure.edinet-fsa.go.jp/taxonomy/jppfs/2019-11-01/jppfs_cor_2019-11-01.xsd#jppfs_cor_ProvisionForRetirementBenefits" xlink:label="jppfs_cor_ProvisionForRetirementBenefits" />
    <link:loc xlink:type="locator" xlink:href="http://disclosure.edinet-fsa.go.jp/taxonomy/jppfs/2019-11-01/jppfs_cor_2019-11-01.xsd#jppfs_cor_ReserveForFinancialProductsTransactionLiabilitiesReservesUnderTheSpecialLawsSEC" xlink:label="jppfs_cor_ReserveForFinancialProductsTransactionLiabilitiesReservesUnderTheSpecialLawsSEC" />
    <link:loc xlink:type="locator" xlink:href="http://disclosure.edinet-fsa.go.jp/taxonomy/jppfs/2019-11-01/jppfs_cor_2019-11-01.xsd#jppfs_cor_ReservesUnderTheSpecialLaws1" xlink:label="jppfs_cor_ReservesUnderTheSpecialLaws1" />
    <link:loc xlink:type="locator" xlink:href="http://disclosure.edinet-fsa.go.jp/taxonomy/jppfs/2019-11-01/jppfs_cor_2019-11-01.xsd#jppfs_cor_RetainedEarnings" xlink:label="jppfs_cor_RetainedEarnings" />
    <link:loc xlink:type="locator" xlink:href="http://disclosure.edinet-fsa.go.jp/taxonomy/jppfs/2019-11-01/jppfs_cor_2019-11-01.xsd#jppfs_cor_RetainedEarningsBroughtForward" xlink:label="jppfs_cor_RetainedEarningsBroughtForward" />
    <link:loc xlink:type="locator" xlink:href="http://disclosure.edinet-fsa.go.jp/taxonomy/jppfs/2019-11-01/jppfs_cor_2019-11-01.xsd#jppfs_cor_ShareholdersEquity" xlink:label="jppfs_cor_ShareholdersEquity" />
    <link:loc xlink:type="locator" xlink:href="http://disclosure.edinet-fsa.go.jp/taxonomy/jppfs/2019-11-01/jppfs_cor_2019-11-01.xsd#jppfs_cor_ShortTermGuaranteeDepositsCASEC" xlink:label="jppfs_cor_ShortTermGuaranteeDepositsCASEC" />
    <link:loc xlink:type="locator" xlink:href="http://disclosure.edinet-fsa.go.jp/taxonomy/jppfs/2019-11-01/jppfs_cor_2019-11-01.xsd#jppfs_cor_ShortTermLoansReceivable" xlink:label="jppfs_cor_ShortTermLoansReceivable" />
    <link:loc xlink:type="locator" xlink:href="http://disclosure.edinet-fsa.go.jp/taxonomy/jppfs/2019-11-01/jppfs_cor_2019-11-01.xsd#jppfs_cor_Software" xlink:label="jppfs_cor_Software" />
    <link:loc xlink:type="locator" xlink:href="http://disclosure.edinet-fsa.go.jp/taxonomy/jppfs/2019-11-01/jppfs_cor_2019-11-01.xsd#jppfs_cor_StocksOfSubsidiariesAndAffiliates" xlink:label="jppfs_cor_StocksOfSubsidiariesAndAffiliates" />
    <link:loc xlink:type="locator" xlink:href="http://disclosure.edinet-fsa.go.jp/taxonomy/jppfs/2019-11-01/jppfs_cor_2019-11-01.xsd#jppfs_cor_SubscriptionRightsToShares" xlink:label="jppfs_cor_SubscriptionRightsToShares" />
    <link:loc xlink:type="locator" xlink:href="http://disclosure.edinet-fsa.go.jp/taxonomy/jppfs/2019-11-01/jppfs_cor_2019-11-01.xsd#jppfs_cor_TelephoneSubscriptionRight" xlink:label="jppfs_cor_TelephoneSubscriptionRight" />
    <link:loc xlink:type="locator" xlink:href="http://disclosure.edinet-fsa.go.jp/taxonomy/jppfs/2019-11-01/jppfs_cor_2019-11-01.xsd#jppfs_cor_TradeDateAccrualCASEC" xlink:label="jppfs_cor_TradeDateAccrualCASEC" />
    <link:loc xlink:type="locator" xlink:href="http://disclosure.edinet-fsa.go.jp/taxonomy/jppfs/2019-11-01/jppfs_cor_2019-11-01.xsd#jppfs_cor_TradeDateAccrualCLSEC" xlink:label="jppfs_cor_TradeDateAccrualCLSEC" />
    <link:loc xlink:type="locator" xlink:href="http://disclosure.edinet-fsa.go.jp/taxonomy/jppfs/2019-11-01/jppfs_cor_2019-11-01.xsd#jppfs_cor_TradingProductsCASEC" xlink:label="jppfs_cor_TradingProductsCASEC" />
    <link:loc xlink:type="locator" xlink:href="http://disclosure.edinet-fsa.go.jp/taxonomy/jppfs/2019-11-01/jppfs_cor_2019-11-01.xsd#jppfs_cor_TradingProductsCLSEC" xlink:label="jppfs_cor_TradingProductsCLSEC" />
    <link:loc xlink:type="locator" xlink:href="http://disclosure.edinet-fsa.go.jp/taxonomy/jppfs/2019-11-01/jppfs_cor_2019-11-01.xsd#jppfs_cor_TradingSecuritiesAndOtherCASEC" xlink:label="jppfs_cor_TradingSecuritiesAndOtherCASEC" />
    <link:loc xlink:type="locator" xlink:href="http://disclosure.edinet-fsa.go.jp/taxonomy/jppfs/2019-11-01/jppfs_cor_2019-11-01.xsd#jppfs_cor_TradingSecuritiesAndOtherCLSEC" xlink:label="jppfs_cor_TradingSecuritiesAndOtherCLSEC" />
    <link:loc xlink:type="locator" xlink:href="http://disclosure.edinet-fsa.go.jp/taxonomy/jppfs/2019-11-01/jppfs_cor_2019-11-01.xsd#jppfs_cor_TreasuryStock" xlink:label="jppfs_cor_TreasuryStock" />
    <link:loc xlink:type="locator" xlink:href="http://disclosure.edinet-fsa.go.jp/taxonomy/jppfs/2019-11-01/jppfs_cor_2019-11-01.xsd#jppfs_cor_ValuationAndTranslationAdjustments" xlink:label="jppfs_cor_ValuationAndTranslationAdjustments" />
    <link:loc xlink:type="locator" xlink:href="http://disclosure.edinet-fsa.go.jp/taxonomy/jppfs/2019-11-01/jppfs_cor_2019-11-01.xsd#jppfs_cor_ValuationDifferenceOnAvailableForSaleSecurities" xlink:label="jppfs_cor_ValuationDifferenceOnAvailableForSaleSecurities" />
    <link:loc xlink:type="locator" xlink:href="http://disclosure.edinet-fsa.go.jp/taxonomy/jppfs/2019-11-01/jppfs_cor_2019-11-01.xsd#jppfs_cor_VariationMarginReceivedCLSEC" xlink:label="jppfs_cor_VariationMarginReceivedCLSEC" />
    <link:loc xlink:type="locator" xlink:href="tse-qnedjpfr-86170-2020-09-30-01-2020-10-19.xsd#tse-qnedjpfr-86170_LongTermAdvancePaidIOASEC" xlink:label="tse-qnedjpfr-86170_LongTermAdvancePaidIOASEC" />
    <link:calculationArc xlink:type="arc" xlink:from="jppfs_cor_Assets" xlink:to="jppfs_cor_CurrentAssets" xlink:arcrole="http://www.xbrl.org/2003/arcrole/summation-item" order="1" weight="1" />
    <link:calculationArc xlink:type="arc" xlink:from="jppfs_cor_Assets" xlink:to="jppfs_cor_NoncurrentAssets" xlink:arcrole="http://www.xbrl.org/2003/arcrole/summation-item" order="2" weight="1" />
    <link:calculationArc xlink:type="arc" xlink:from="jppfs_cor_CapitalSurplus" xlink:to="jppfs_cor_LegalCapitalSurplus" xlink:arcrole="http://www.xbrl.org/2003/arcrole/summation-item" order="1" weight="1" />
    <link:calculationArc xlink:type="arc" xlink:from="jppfs_cor_CapitalSurplus" xlink:to="jppfs_cor_OtherCapitalSurplus" xlink:arcrole="http://www.xbrl.org/2003/arcrole/summation-item" order="2" weight="1" />
    <link:calculationArc xlink:type="arc" xlink:from="jppfs_cor_CurrentAssets" xlink:to="jppfs_cor_CashAndDeposits" xlink:arcrole="http://www.xbrl.org/2003/arcrole/summation-item" order="1" weight="1" />
    <link:calculationArc xlink:type="arc" xlink:from="jppfs_cor_CurrentAssets" xlink:to="jppfs_cor_CashSegregatedAsDepositsCASEC" xlink:arcrole="http://www.xbrl.org/2003/arcrole/summation-item" order="2" weight="1" />
    <link:calculationArc xlink:type="arc" xlink:from="jppfs_cor_CurrentAssets" xlink:to="jppfs_cor_TradingProductsCASEC" xlink:arcrole="http://www.xbrl.org/2003/arcrole/summation-item" order="3" weight="1" />
    <link:calculationArc xlink:type="arc" xlink:from="jppfs_cor_CurrentAssets" xlink:to="jppfs_cor_TradeDateAccrualCASEC" xlink:arcrole="http://www.xbrl.org/2003/arcrole/summation-item" order="4" weight="1" />
    <link:calculationArc xlink:type="arc" xlink:from="jppfs_cor_CurrentAssets" xlink:to="jppfs_cor_MarginTransactionAssetsCASEC" xlink:arcrole="http://www.xbrl.org/2003/arcrole/summation-item" order="5" weight="1" />
    <link:calculationArc xlink:type="arc" xlink:from="jppfs_cor_CurrentAssets" xlink:to="jppfs_cor_LoansSecuredBySecuritiesCASEC" xlink:arcrole="http://www.xbrl.org/2003/arcrole/summation-item" order="6" weight="1" />
    <link:calculationArc xlink:type="arc" xlink:from="jppfs_cor_CurrentAssets" xlink:to="jppfs_cor_AdvancesPaidCASEC" xlink:arcrole="http://www.xbrl.org/2003/arcrole/summation-item" order="7" weight="1" />
    <link:calculationArc xlink:type="arc" xlink:from="jppfs_cor_CurrentAssets" xlink:to="jppfs_cor_ShortTermGuaranteeDepositsCASEC" xlink:arcrole="http://www.xbrl.org/2003/arcrole/summation-item" order="8" weight="1" />
    <link:calculationArc xlink:type="arc" xlink:from="jppfs_cor_CurrentAssets" xlink:to="jppfs_cor_ShortTermLoansReceivable" xlink:arcrole="http://www.xbrl.org/2003/arcrole/summation-item" order="9" weight="1" />
    <link:calculationArc xlink:type="arc" xlink:from="jppfs_cor_CurrentAssets" xlink:to="jppfs_cor_AdvancePaymentsCASEC" xlink:arcrole="http://www.xbrl.org/2003/arcrole/summation-item" order="10" weight="1" />
    <link:calculationArc xlink:type="arc" xlink:from="jppfs_cor_CurrentAssets" xlink:to="jppfs_cor_PrepaidExpenses" xlink:arcrole="http://www.xbrl.org/2003/arcrole/summation-item" order="11" weight="1" />
    <link:calculationArc xlink:type="arc" xlink:from="jppfs_cor_CurrentAssets" xlink:to="jppfs_cor_AccountsReceivableOther" xlink:arcrole="http://www.xbrl.org/2003/arcrole/summation-item" order="12" weight="1" />
    <link:calculationArc xlink:type="arc" xlink:from="jppfs_cor_CurrentAssets" xlink:to="jppfs_cor_IncomeTaxesReceivable" xlink:arcrole="http://www.xbrl.org/2003/arcrole/summation-item" order="13" weight="1" />
    <link:calculationArc xlink:type="arc" xlink:from="jppfs_cor_CurrentAssets" xlink:to="jppfs_cor_AccruedIncome" xlink:arcrole="http://www.xbrl.org/2003/arcrole/summation-item" order="14" weight="1" />
    <link:calculationArc xlink:type="arc" xlink:from="jppfs_cor_CurrentLiabilities" xlink:to="jppfs_cor_TradingProductsCLSEC" xlink:arcrole="http://www.xbrl.org/2003/arcrole/summation-item" order="1" weight="1" />
    <link:calculationArc xlink:type="arc" xlink:from="jppfs_cor_CurrentLiabilities" xlink:to="jppfs_cor_TradeDateAccrualCLSEC" xlink:arcrole="http://www.xbrl.org/2003/arcrole/summation-item" order="2" weight="1" />
    <link:calculationArc xlink:type="arc" xlink:from="jppfs_cor_CurrentLiabilities" xlink:to="jppfs_cor_MarginTransactionLiabilitiesCLSEC" xlink:arcrole="http://www.xbrl.org/2003/arcrole/summation-item" order="3" weight="1" />
    <link:calculationArc xlink:type="arc" xlink:from="jppfs_cor_CurrentLiabilities" xlink:to="jppfs_cor_DepositsReceivedCLSEC" xlink:arcrole="http://www.xbrl.org/2003/arcrole/summation-item" order="4" weight="1" />
    <link:calculationArc xlink:type="arc" xlink:from="jppfs_cor_CurrentLiabilities" xlink:to="jppfs_cor_GuaranteeDepositsReceivedCLSEC" xlink:arcrole="http://www.xbrl.org/2003/arcrole/summation-item" order="5" weight="1" />
    <link:calculationArc xlink:type="arc" xlink:from="jppfs_cor_CurrentLiabilities" xlink:to="jppfs_cor_VariationMarginReceivedCLSEC" xlink:arcrole="http://www.xbrl.org/2003/arcrole/summation-item" order="6" weight="1" />
    <link:calculationArc xlink:type="arc" xlink:from="jppfs_cor_CurrentLiabilities" xlink:to="jppfs_cor_AccountsPayableOther" xlink:arcrole="http://www.xbrl.org/2003/arcrole/summation-item" order="7" weight="1" />
    <link:calculationArc xlink:type="arc" xlink:from="jppfs_cor_CurrentLiabilities" xlink:to="jppfs_cor_AccruedExpenses" xlink:arcrole="http://www.xbrl.org/2003/arcrole/summation-item" order="8" weight="1" />
    <link:calculationArc xlink:type="arc" xlink:from="jppfs_cor_CurrentLiabilities" xlink:to="jppfs_cor_IncomeTaxesPayable" xlink:arcrole="http://www.xbrl.org/2003/arcrole/summation-item" order="9" weight="1" />
    <link:calculationArc xlink:type="arc" xlink:from="jppfs_cor_CurrentLiabilities" xlink:to="jppfs_cor_ProvisionForBonuses" xlink:arcrole="http://www.xbrl.org/2003/arcrole/summation-item" order="10" weight="1" />
    <link:calculationArc xlink:type="arc" xlink:from="jppfs_cor_DepositsReceivedCLSEC" xlink:to="jppfs_cor_DepositsFromCustomersCLSEC" xlink:arcrole="http://www.xbrl.org/2003/arcrole/summation-item" order="1" weight="1" />
    <link:calculationArc xlink:type="arc" xlink:from="jppfs_cor_DepositsReceivedCLSEC" xlink:to="jppfs_cor_DepositsForOthersCLSEC" xlink:arcrole="http://www.xbrl.org/2003/arcrole/summation-item" order="2" weight="1" />
    <link:calculationArc xlink:type="arc" xlink:from="jppfs_cor_IntangibleAssets" xlink:to="jppfs_cor_Software" xlink:arcrole="http://www.xbrl.org/2003/arcrole/summation-item" order="1" weight="1" />
    <link:calculationArc xlink:type="arc" xlink:from="jppfs_cor_IntangibleAssets" xlink:to="jppfs_cor_TelephoneSubscriptionRight" xlink:arcrole="http://www.xbrl.org/2003/arcrole/summation-item" order="2" weight="1" />
    <link:calculationArc xlink:type="arc" xlink:from="jppfs_cor_IntangibleAssets" xlink:to="jppfs_cor_OtherIA" xlink:arcrole="http://www.xbrl.org/2003/arcrole/summation-item" order="3" weight="1" />
    <link:calculationArc xlink:type="arc" xlink:from="jppfs_cor_NoncurrentAssets" xlink:to="jppfs_cor_InvestmentsAndOtherAssets" xlink:arcrole="http://www.xbrl.org/2003/arcrole/summation-item" order="3" weight="1" />
    <link:calculationArc xlink:type="arc" xlink:from="jppfs_cor_InvestmentsAndOtherAssets" xlink:to="jppfs_cor_InvestmentSecurities" xlink:arcrole="http://www.xbrl.org/2003/arcrole/summation-item" order="1" weight="1" />
    <link:calculationArc xlink:type="arc" xlink:from="jppfs_cor_InvestmentsAndOtherAssets" xlink:to="jppfs_cor_StocksOfSubsidiariesAndAffiliates" xlink:arcrole="http://www.xbrl.org/2003/arcrole/summation-item" order="2" weight="1" />
    <link:calculationArc xlink:type="arc" xlink:from="jppfs_cor_InvestmentsAndOtherAssets" xlink:to="tse-qnedjpfr-86170_LongTermAdvancePaidIOASEC" xlink:arcrole="http://www.xbrl.org/2003/arcrole/summation-item" order="3" weight="1" />
    <link:calculationArc xlink:type="arc" xlink:from="jppfs_cor_InvestmentsAndOtherAssets" xlink:to="jppfs_cor_OtherIOA" xlink:arcrole="http://www.xbrl.org/2003/arcrole/summation-item" order="4" weight="1" />
    <link:calculationArc xlink:type="arc" xlink:from="jppfs_cor_InvestmentsAndOtherAssets" xlink:to="jppfs_cor_AllowanceForDoubtfulAccountsIOAByGroup" xlink:arcrole="http://www.xbrl.org/2003/arcrole/summation-item" order="5" weight="1" />
    <link:calculationArc xlink:type="arc" xlink:from="jppfs_cor_LiabilitiesAndNetAssets" xlink:to="jppfs_cor_Liabilities" xlink:arcrole="http://www.xbrl.org/2003/arcrole/summation-item" order="1" weight="1" />
    <link:calculationArc xlink:type="arc" xlink:from="jppfs_cor_Liabilities" xlink:to="jppfs_cor_CurrentLiabilities" xlink:arcrole="http://www.xbrl.org/2003/arcrole/summation-item" order="1" weight="1" />
    <link:calculationArc xlink:type="arc" xlink:from="jppfs_cor_Liabilities" xlink:to="jppfs_cor_NoncurrentLiabilities" xlink:arcrole="http://www.xbrl.org/2003/arcrole/summation-item" order="2" weight="1" />
    <link:calculationArc xlink:type="arc" xlink:from="jppfs_cor_Liabilities" xlink:to="jppfs_cor_ReservesUnderTheSpecialLaws1" xlink:arcrole="http://www.xbrl.org/2003/arcrole/summation-item" order="3" weight="1" />
    <link:calculationArc xlink:type="arc" xlink:from="jppfs_cor_LiabilitiesAndNetAssets" xlink:to="jppfs_cor_NetAssets" xlink:arcrole="http://www.xbrl.org/2003/arcrole/summation-item" order="2" weight="1" />
    <link:calculationArc xlink:type="arc" xlink:from="jppfs_cor_LoansSecuredBySecuritiesCASEC" xlink:to="jppfs_cor_CashCollateralPledgedForSecuritiesBorrowedCASEC" xlink:arcrole="http://www.xbrl.org/2003/arcrole/summation-item" order="1" weight="1" />
    <link:calculationArc xlink:type="arc" xlink:from="jppfs_cor_MarginTransactionAssetsCASEC" xlink:to="jppfs_cor_LoansOnMarginTransactionsCASEC" xlink:arcrole="http://www.xbrl.org/2003/arcrole/summation-item" order="1" weight="1" />
    <link:calculationArc xlink:type="arc" xlink:from="jppfs_cor_MarginTransactionAssetsCASEC" xlink:to="jppfs_cor_CashCollateralPledgedForSecuritiesBorrowingOnMarginTransactionsCASEC" xlink:arcrole="http://www.xbrl.org/2003/arcrole/summation-item" order="2" weight="1" />
    <link:calculationArc xlink:type="arc" xlink:from="jppfs_cor_MarginTransactionLiabilitiesCLSEC" xlink:to="jppfs_cor_BorrowingsOnMarginTransactionsCLSEC" xlink:arcrole="http://www.xbrl.org/2003/arcrole/summation-item" order="1" weight="1" />
    <link:calculationArc xlink:type="arc" xlink:from="jppfs_cor_MarginTransactionLiabilitiesCLSEC" xlink:to="jppfs_cor_CashReceivedForSecuritiesLendingOnMarginTransactionsCLSEC" xlink:arcrole="http://www.xbrl.org/2003/arcrole/summation-item" order="2" weight="1" />
    <link:calculationArc xlink:type="arc" xlink:from="jppfs_cor_NetAssets" xlink:to="jppfs_cor_ShareholdersEquity" xlink:arcrole="http://www.xbrl.org/2003/arcrole/summation-item" order="1" weight="1" />
    <link:calculationArc xlink:type="arc" xlink:from="jppfs_cor_NetAssets" xlink:to="jppfs_cor_ValuationAndTranslationAdjustments" xlink:arcrole="http://www.xbrl.org/2003/arcrole/summation-item" order="2" weight="1" />
    <link:calculationArc xlink:type="arc" xlink:from="jppfs_cor_NetAssets" xlink:to="jppfs_cor_SubscriptionRightsToShares" xlink:arcrole="http://www.xbrl.org/2003/arcrole/summation-item" order="3" weight="1" />
    <link:calculationArc xlink:type="arc" xlink:from="jppfs_cor_NoncurrentAssets" xlink:to="jppfs_cor_PropertyPlantAndEquipment" xlink:arcrole="http://www.xbrl.org/2003/arcrole/summation-item" order="1" weight="1" />
    <link:calculationArc xlink:type="arc" xlink:from="jppfs_cor_NoncurrentAssets" xlink:to="jppfs_cor_IntangibleAssets" xlink:arcrole="http://www.xbrl.org/2003/arcrole/summation-item" order="2" weight="1" />
    <link:calculationArc xlink:type="arc" xlink:from="jppfs_cor_NoncurrentLiabilities" xlink:to="jppfs_cor_DeferredTaxLiabilities" xlink:arcrole="http://www.xbrl.org/2003/arcrole/summation-item" order="1" weight="1" />
    <link:calculationArc xlink:type="arc" xlink:from="jppfs_cor_NoncurrentLiabilities" xlink:to="jppfs_cor_ProvisionForRetirementBenefits" xlink:arcrole="http://www.xbrl.org/2003/arcrole/summation-item" order="2" weight="1" />
    <link:calculationArc xlink:type="arc" xlink:from="jppfs_cor_NoncurrentLiabilities" xlink:to="jppfs_cor_ProvisionForDirectorsRetirementBenefits" xlink:arcrole="http://www.xbrl.org/2003/arcrole/summation-item" order="3" weight="1" />
    <link:calculationArc xlink:type="arc" xlink:from="jppfs_cor_NoncurrentLiabilities" xlink:to="jppfs_cor_OtherNCL" xlink:arcrole="http://www.xbrl.org/2003/arcrole/summation-item" order="4" weight="1" />
    <link:calculationArc xlink:type="arc" xlink:from="jppfs_cor_PropertyPlantAndEquipment" xlink:to="jppfs_cor_BuildingsNet" xlink:arcrole="http://www.xbrl.org/2003/arcrole/summation-item" order="1" weight="1" />
    <link:calculationArc xlink:type="arc" xlink:from="jppfs_cor_PropertyPlantAndEquipment" xlink:to="jppfs_cor_EquipmentPPESEC" xlink:arcrole="http://www.xbrl.org/2003/arcrole/summation-item" order="2" weight="1" />
    <link:calculationArc xlink:type="arc" xlink:from="jppfs_cor_PropertyPlantAndEquipment" xlink:to="jppfs_cor_Land" xlink:arcrole="http://www.xbrl.org/2003/arcrole/summation-item" order="3" weight="1" />
    <link:calculationArc xlink:type="arc" xlink:from="jppfs_cor_ReservesUnderTheSpecialLaws1" xlink:to="jppfs_cor_ReserveForFinancialProductsTransactionLiabilitiesReservesUnderTheSpecialLawsSEC" xlink:arcrole="http://www.xbrl.org/2003/arcrole/summation-item" order="1" weight="1" />
    <link:calculationArc xlink:type="arc" xlink:from="jppfs_cor_RetainedEarnings" xlink:to="jppfs_cor_RetainedEarningsBroughtForward" xlink:arcrole="http://www.xbrl.org/2003/arcrole/summation-item" order="1" weight="1" />
    <link:calculationArc xlink:type="arc" xlink:from="jppfs_cor_ShareholdersEquity" xlink:to="jppfs_cor_CapitalStock" xlink:arcrole="http://www.xbrl.org/2003/arcrole/summation-item" order="1" weight="1" />
    <link:calculationArc xlink:type="arc" xlink:from="jppfs_cor_ShareholdersEquity" xlink:to="jppfs_cor_CapitalSurplus" xlink:arcrole="http://www.xbrl.org/2003/arcrole/summation-item" order="2" weight="1" />
    <link:calculationArc xlink:type="arc" xlink:from="jppfs_cor_ShareholdersEquity" xlink:to="jppfs_cor_RetainedEarnings" xlink:arcrole="http://www.xbrl.org/2003/arcrole/summation-item" order="3" weight="1" />
    <link:calculationArc xlink:type="arc" xlink:from="jppfs_cor_ShareholdersEquity" xlink:to="jppfs_cor_TreasuryStock" xlink:arcrole="http://www.xbrl.org/2003/arcrole/summation-item" order="4" weight="1" />
    <link:calculationArc xlink:type="arc" xlink:from="jppfs_cor_TradingProductsCASEC" xlink:to="jppfs_cor_TradingSecuritiesAndOtherCASEC" xlink:arcrole="http://www.xbrl.org/2003/arcrole/summation-item" order="1" weight="1" />
    <link:calculationArc xlink:type="arc" xlink:from="jppfs_cor_TradingProductsCASEC" xlink:to="jppfs_cor_DerivativesCASEC" xlink:arcrole="http://www.xbrl.org/2003/arcrole/summation-item" order="2" weight="1" />
    <link:calculationArc xlink:type="arc" xlink:from="jppfs_cor_TradingProductsCLSEC" xlink:to="jppfs_cor_TradingSecuritiesAndOtherCLSEC" xlink:arcrole="http://www.xbrl.org/2003/arcrole/summation-item" order="1" weight="1" />
    <link:calculationArc xlink:type="arc" xlink:from="jppfs_cor_TradingProductsCLSEC" xlink:to="jppfs_cor_DerivativesCLSEC" xlink:arcrole="http://www.xbrl.org/2003/arcrole/summation-item" order="2" weight="1" />
    <link:calculationArc xlink:type="arc" xlink:from="jppfs_cor_ValuationAndTranslationAdjustments" xlink:to="jppfs_cor_ValuationDifferenceOnAvailableForSaleSecurities" xlink:arcrole="http://www.xbrl.org/2003/arcrole/summation-item" order="1" weight="1" />
  </link:calculationLink>
  <link:calculationLink xlink:type="extended" xlink:role="http://disclosure.edinet-fsa.go.jp/role/jppfs/rol_YearToQuarterEndStatementOfIncome">
    <link:loc xlink:type="locator" xlink:href="http://disclosure.edinet-fsa.go.jp/taxonomy/jppfs/2019-11-01/jppfs_cor_2019-11-01.xsd#jppfs_cor_CommissionReceivedORSEC" xlink:label="jppfs_cor_CommissionReceivedORSEC" />
    <link:loc xlink:type="locator" xlink:href="http://disclosure.edinet-fsa.go.jp/taxonomy/jppfs/2019-11-01/jppfs_cor_2019-11-01.xsd#jppfs_cor_CommissionToConsigneesORSEC" xlink:label="jppfs_cor_CommissionToConsigneesORSEC" />
    <link:loc xlink:type="locator" xlink:href="http://disclosure.edinet-fsa.go.jp/taxonomy/jppfs/2019-11-01/jppfs_cor_2019-11-01.xsd#jppfs_cor_DepreciationSGA" xlink:label="jppfs_cor_DepreciationSGA" />
    <link:loc xlink:type="locator" xlink:href="http://disclosure.edinet-fsa.go.jp/taxonomy/jppfs/2019-11-01/jppfs_cor_2019-11-01.xsd#jppfs_cor_ExtraordinaryIncome" xlink:label="jppfs_cor_ExtraordinaryIncome" />
    <link:loc xlink:type="locator" xlink:href="http://disclosure.edinet-fsa.go.jp/taxonomy/jppfs/2019-11-01/jppfs_cor_2019-11-01.xsd#jppfs_cor_ExtraordinaryLoss" xlink:label="jppfs_cor_ExtraordinaryLoss" />
    <link:loc xlink:type="locator" xlink:href="http://disclosure.edinet-fsa.go.jp/taxonomy/jppfs/2019-11-01/jppfs_cor_2019-11-01.xsd#jppfs_cor_FeeForOfferingSecondaryDistributionAndSolicitationForSellingAndOthersForProfessionalInvestorsORSEC" xlink:label="jppfs_cor_FeeForOfferingSecondaryDistributionAndSolicitationForSellingAndOthersForProfessionalInvestorsORSEC" />
    <link:loc xlink:type="locator" xlink:href="http://disclosure.edinet-fsa.go.jp/taxonomy/jppfs/2019-11-01/jppfs_cor_2019-11-01.xsd#jppfs_cor_FinancialExpensesSEC" xlink:label="jppfs_cor_FinancialExpensesSEC" />
    <link:loc xlink:type="locator" xlink:href="http://disclosure.edinet-fsa.go.jp/taxonomy/jppfs/2019-11-01/jppfs_cor_2019-11-01.xsd#jppfs_cor_FinancialRevenueORSEC" xlink:label="jppfs_cor_FinancialRevenueORSEC" />
    <link:loc xlink:type="locator" xlink:href="http://disclosure.edinet-fsa.go.jp/taxonomy/jppfs/2019-11-01/jppfs_cor_2019-11-01.xsd#jppfs_cor_GainOnReversalOfSubscriptionRightsToSharesEI" xlink:label="jppfs_cor_GainOnReversalOfSubscriptionRightsToSharesEI" />
    <link:loc xlink:type="locator" xlink:href="http://disclosure.edinet-fsa.go.jp/taxonomy/jppfs/2019-11-01/jppfs_cor_2019-11-01.xsd#jppfs_cor_GainOnSalesOfNoncurrentAssetsEI" xlink:label="jppfs_cor_GainOnSalesOfNoncurrentAssetsEI" />
    <link:loc xlink:type="locator" xlink:href="http://disclosure.edinet-fsa.go.jp/taxonomy/jppfs/2019-11-01/jppfs_cor_2019-11-01.xsd#jppfs_cor_IncomeBeforeIncomeTaxes" xlink:label="jppfs_cor_IncomeBeforeIncomeTaxes" />
    <link:loc xlink:type="locator" xlink:href="http://disclosure.edinet-fsa.go.jp/taxonomy/jppfs/2019-11-01/jppfs_cor_2019-11-01.xsd#jppfs_cor_IncomeTaxesCurrent" xlink:label="jppfs_cor_IncomeTaxesCurrent" />
    <link:loc xlink:type="locator" xlink:href="http://disclosure.edinet-fsa.go.jp/taxonomy/jppfs/2019-11-01/jppfs_cor_2019-11-01.xsd#jppfs_cor_NetOperatingRevenueSEC" xlink:label="jppfs_cor_NetOperatingRevenueSEC" />
    <link:loc xlink:type="locator" xlink:href="http://disclosure.edinet-fsa.go.jp/taxonomy/jppfs/2019-11-01/jppfs_cor_2019-11-01.xsd#jppfs_cor_NetTradingIncomeORSEC" xlink:label="jppfs_cor_NetTradingIncomeORSEC" />
    <link:loc xlink:type="locator" xlink:href="http://disclosure.edinet-fsa.go.jp/taxonomy/jppfs/2019-11-01/jppfs_cor_2019-11-01.xsd#jppfs_cor_NonOperatingExpenses" xlink:label="jppfs_cor_NonOperatingExpenses" />
    <link:loc xlink:type="locator" xlink:href="http://disclosure.edinet-fsa.go.jp/taxonomy/jppfs/2019-11-01/jppfs_cor_2019-11-01.xsd#jppfs_cor_NonOperatingIncome" xlink:label="jppfs_cor_NonOperatingIncome" />
    <link:loc xlink:type="locator" xlink:href="http://disclosure.edinet-fsa.go.jp/taxonomy/jppfs/2019-11-01/jppfs_cor_2019-11-01.xsd#jppfs_cor_OfficeCostSGA" xlink:label="jppfs_cor_OfficeCostSGA" />
    <link:loc xlink:type="locator" xlink:href="http://disclosure.edinet-fsa.go.jp/taxonomy/jppfs/2019-11-01/jppfs_cor_2019-11-01.xsd#jppfs_cor_OperatingIncome" xlink:label="jppfs_cor_OperatingIncome" />
    <link:loc xlink:type="locator" xlink:href="http://disclosure.edinet-fsa.go.jp/taxonomy/jppfs/2019-11-01/jppfs_cor_2019-11-01.xsd#jppfs_cor_OperatingRevenueSEC" xlink:label="jppfs_cor_OperatingRevenueSEC" />
    <link:loc xlink:type="locator" xlink:href="http://disclosure.edinet-fsa.go.jp/taxonomy/jppfs/2019-11-01/jppfs_cor_2019-11-01.xsd#jppfs_cor_OrdinaryIncome" xlink:label="jppfs_cor_OrdinaryIncome" />
    <link:loc xlink:type="locator" xlink:href="http://disclosure.edinet-fsa.go.jp/taxonomy/jppfs/2019-11-01/jppfs_cor_2019-11-01.xsd#jppfs_cor_OtherFeesReceivedORSEC" xlink:label="jppfs_cor_OtherFeesReceivedORSEC" />
    <link:loc xlink:type="locator" xlink:href="http://disclosure.edinet-fsa.go.jp/taxonomy/jppfs/2019-11-01/jppfs_cor_2019-11-01.xsd#jppfs_cor_OtherOperatingRevenue1RevOA" xlink:label="jppfs_cor_OtherOperatingRevenue1RevOA" />
    <link:loc xlink:type="locator" xlink:href="http://disclosure.edinet-fsa.go.jp/taxonomy/jppfs/2019-11-01/jppfs_cor_2019-11-01.xsd#jppfs_cor_OtherSGA" xlink:label="jppfs_cor_OtherSGA" />
    <link:loc xlink:type="locator" xlink:href="http://disclosure.edinet-fsa.go.jp/taxonomy/jppfs/2019-11-01/jppfs_cor_2019-11-01.xsd#jppfs_cor_PersonalExpensesSGA" xlink:label="jppfs_cor_PersonalExpensesSGA" />
    <link:loc xlink:type="locator" xlink:href="http://disclosure.edinet-fsa.go.jp/taxonomy/jppfs/2019-11-01/jppfs_cor_2019-11-01.xsd#jppfs_cor_ProfitLoss" xlink:label="jppfs_cor_ProfitLoss" />
    <link:loc xlink:type="locator" xlink:href="http://disclosure.edinet-fsa.go.jp/taxonomy/jppfs/2019-11-01/jppfs_cor_2019-11-01.xsd#jppfs_cor_ProvisionOfReserveForFinancialProductsTransactionLiabilitiesELSEC" xlink:label="jppfs_cor_ProvisionOfReserveForFinancialProductsTransactionLiabilitiesELSEC" />
    <link:loc xlink:type="locator" xlink:href="http://disclosure.edinet-fsa.go.jp/taxonomy/jppfs/2019-11-01/jppfs_cor_2019-11-01.xsd#jppfs_cor_RealEstateExpensesSGASEC" xlink:label="jppfs_cor_RealEstateExpensesSGASEC" />
    <link:loc xlink:type="locator" xlink:href="http://disclosure.edinet-fsa.go.jp/taxonomy/jppfs/2019-11-01/jppfs_cor_2019-11-01.xsd#jppfs_cor_ReversalOfReserveForFinancialProductsTransactionLiabilitiesEISEC" xlink:label="jppfs_cor_ReversalOfReserveForFinancialProductsTransactionLiabilitiesEISEC" />
    <link:loc xlink:type="locator" xlink:href="http://disclosure.edinet-fsa.go.jp/taxonomy/jppfs/2019-11-01/jppfs_cor_2019-11-01.xsd#jppfs_cor_SellingGeneralAndAdministrativeExpenses" xlink:label="jppfs_cor_SellingGeneralAndAdministrativeExpenses" />
    <link:loc xlink:type="locator" xlink:href="http://disclosure.edinet-fsa.go.jp/taxonomy/jppfs/2019-11-01/jppfs_cor_2019-11-01.xsd#jppfs_cor_TaxesAndDuesSGA" xlink:label="jppfs_cor_TaxesAndDuesSGA" />
    <link:loc xlink:type="locator" xlink:href="http://disclosure.edinet-fsa.go.jp/taxonomy/jppfs/2019-11-01/jppfs_cor_2019-11-01.xsd#jppfs_cor_TradingRelatedExpensesSGASEC" xlink:label="jppfs_cor_TradingRelatedExpensesSGASEC" />
    <link:calculationArc xlink:type="arc" xlink:from="jppfs_cor_OperatingRevenueSEC" xlink:to="jppfs_cor_CommissionReceivedORSEC" xlink:arcrole="http://www.xbrl.org/2003/arcrole/summation-item" order="1" weight="1" />
    <link:calculationArc xlink:type="arc" xlink:from="jppfs_cor_CommissionReceivedORSEC" xlink:to="jppfs_cor_CommissionToConsigneesORSEC" xlink:arcrole="http://www.xbrl.org/2003/arcrole/summation-item" order="1" weight="1" />
    <link:calculationArc xlink:type="arc" xlink:from="jppfs_cor_CommissionReceivedORSEC" xlink:to="jppfs_cor_FeeForOfferingSecondaryDistributionAndSolicitationForSellingAndOthersForProfessionalInvestorsORSEC" xlink:arcrole="http://www.xbrl.org/2003/arcrole/summation-item" order="2" weight="1" />
    <link:calculationArc xlink:type="arc" xlink:from="jppfs_cor_CommissionReceivedORSEC" xlink:to="jppfs_cor_OtherFeesReceivedORSEC" xlink:arcrole="http://www.xbrl.org/2003/arcrole/summation-item" order="3" weight="1" />
    <link:calculationArc xlink:type="arc" xlink:from="jppfs_cor_IncomeBeforeIncomeTaxes" xlink:to="jppfs_cor_ExtraordinaryIncome" xlink:arcrole="http://www.xbrl.org/2003/arcrole/summation-item" order="2" weight="1" />
    <link:calculationArc xlink:type="arc" xlink:from="jppfs_cor_ExtraordinaryIncome" xlink:to="jppfs_cor_ReversalOfReserveForFinancialProductsTransactionLiabilitiesEISEC" xlink:arcrole="http://www.xbrl.org/2003/arcrole/summation-item" order="1" weight="1" />
    <link:calculationArc xlink:type="arc" xlink:from="jppfs_cor_ExtraordinaryIncome" xlink:to="jppfs_cor_GainOnReversalOfSubscriptionRightsToSharesEI" xlink:arcrole="http://www.xbrl.org/2003/arcrole/summation-item" order="2" weight="1" />
    <link:calculationArc xlink:type="arc" xlink:from="jppfs_cor_ExtraordinaryIncome" xlink:to="jppfs_cor_GainOnSalesOfNoncurrentAssetsEI" xlink:arcrole="http://www.xbrl.org/2003/arcrole/summation-item" order="3" weight="1" />
    <link:calculationArc xlink:type="arc" xlink:from="jppfs_cor_IncomeBeforeIncomeTaxes" xlink:to="jppfs_cor_OrdinaryIncome" xlink:arcrole="http://www.xbrl.org/2003/arcrole/summation-item" order="1" weight="1" />
    <link:calculationArc xlink:type="arc" xlink:from="jppfs_cor_IncomeBeforeIncomeTaxes" xlink:to="jppfs_cor_ExtraordinaryLoss" xlink:arcrole="http://www.xbrl.org/2003/arcrole/summation-item" order="3" weight="-1" />
    <link:calculationArc xlink:type="arc" xlink:from="jppfs_cor_ExtraordinaryLoss" xlink:to="jppfs_cor_ProvisionOfReserveForFinancialProductsTransactionLiabilitiesELSEC" xlink:arcrole="http://www.xbrl.org/2003/arcrole/summation-item" order="1" weight="1" />
    <link:calculationArc xlink:type="arc" xlink:from="jppfs_cor_OperatingIncome" xlink:to="jppfs_cor_NetOperatingRevenueSEC" xlink:arcrole="http://www.xbrl.org/2003/arcrole/summation-item" order="1" weight="1" />
    <link:calculationArc xlink:type="arc" xlink:from="jppfs_cor_NetOperatingRevenueSEC" xlink:to="jppfs_cor_OperatingRevenueSEC" xlink:arcrole="http://www.xbrl.org/2003/arcrole/summation-item" order="1" weight="1" />
    <link:calculationArc xlink:type="arc" xlink:from="jppfs_cor_NetOperatingRevenueSEC" xlink:to="jppfs_cor_FinancialExpensesSEC" xlink:arcrole="http://www.xbrl.org/2003/arcrole/summation-item" order="2" weight="-1" />
    <link:calculationArc xlink:type="arc" xlink:from="jppfs_cor_OperatingIncome" xlink:to="jppfs_cor_SellingGeneralAndAdministrativeExpenses" xlink:arcrole="http://www.xbrl.org/2003/arcrole/summation-item" order="2" weight="-1" />
    <link:calculationArc xlink:type="arc" xlink:from="jppfs_cor_OperatingRevenueSEC" xlink:to="jppfs_cor_NetTradingIncomeORSEC" xlink:arcrole="http://www.xbrl.org/2003/arcrole/summation-item" order="2" weight="1" />
    <link:calculationArc xlink:type="arc" xlink:from="jppfs_cor_OperatingRevenueSEC" xlink:to="jppfs_cor_FinancialRevenueORSEC" xlink:arcrole="http://www.xbrl.org/2003/arcrole/summation-item" order="3" weight="1" />
    <link:calculationArc xlink:type="arc" xlink:from="jppfs_cor_OperatingRevenueSEC" xlink:to="jppfs_cor_OtherOperatingRevenue1RevOA" xlink:arcrole="http://www.xbrl.org/2003/arcrole/summation-item" order="4" weight="1" />
    <link:calculationArc xlink:type="arc" xlink:from="jppfs_cor_OrdinaryIncome" xlink:to="jppfs_cor_OperatingIncome" xlink:arcrole="http://www.xbrl.org/2003/arcrole/summation-item" order="1" weight="1" />
    <link:calculationArc xlink:type="arc" xlink:from="jppfs_cor_OrdinaryIncome" xlink:to="jppfs_cor_NonOperatingIncome" xlink:arcrole="http://www.xbrl.org/2003/arcrole/summation-item" order="2" weight="1" />
    <link:calculationArc xlink:type="arc" xlink:from="jppfs_cor_OrdinaryIncome" xlink:to="jppfs_cor_NonOperatingExpenses" xlink:arcrole="http://www.xbrl.org/2003/arcrole/summation-item" order="3" weight="-1" />
    <link:calculationArc xlink:type="arc" xlink:from="jppfs_cor_ProfitLoss" xlink:to="jppfs_cor_IncomeBeforeIncomeTaxes" xlink:arcrole="http://www.xbrl.org/2003/arcrole/summation-item" order="1" weight="1" />
    <link:calculationArc xlink:type="arc" xlink:from="jppfs_cor_ProfitLoss" xlink:to="jppfs_cor_IncomeTaxesCurrent" xlink:arcrole="http://www.xbrl.org/2003/arcrole/summation-item" order="2" weight="-1" />
    <link:calculationArc xlink:type="arc" xlink:from="jppfs_cor_SellingGeneralAndAdministrativeExpenses" xlink:to="jppfs_cor_TradingRelatedExpensesSGASEC" xlink:arcrole="http://www.xbrl.org/2003/arcrole/summation-item" order="1" weight="1" />
    <link:calculationArc xlink:type="arc" xlink:from="jppfs_cor_SellingGeneralAndAdministrativeExpenses" xlink:to="jppfs_cor_PersonalExpensesSGA" xlink:arcrole="http://www.xbrl.org/2003/arcrole/summation-item" order="2" weight="1" />
    <link:calculationArc xlink:type="arc" xlink:from="jppfs_cor_SellingGeneralAndAdministrativeExpenses" xlink:to="jppfs_cor_RealEstateExpensesSGASEC" xlink:arcrole="http://www.xbrl.org/2003/arcrole/summation-item" order="3" weight="1" />
    <link:calculationArc xlink:type="arc" xlink:from="jppfs_cor_SellingGeneralAndAdministrativeExpenses" xlink:to="jppfs_cor_OfficeCostSGA" xlink:arcrole="http://www.xbrl.org/2003/arcrole/summation-item" order="4" weight="1" />
    <link:calculationArc xlink:type="arc" xlink:from="jppfs_cor_SellingGeneralAndAdministrativeExpenses" xlink:to="jppfs_cor_DepreciationSGA" xlink:arcrole="http://www.xbrl.org/2003/arcrole/summation-item" order="5" weight="1" />
    <link:calculationArc xlink:type="arc" xlink:from="jppfs_cor_SellingGeneralAndAdministrativeExpenses" xlink:to="jppfs_cor_TaxesAndDuesSGA" xlink:arcrole="http://www.xbrl.org/2003/arcrole/summation-item" order="6" weight="1" />
    <link:calculationArc xlink:type="arc" xlink:from="jppfs_cor_SellingGeneralAndAdministrativeExpenses" xlink:to="jppfs_cor_OtherSGA" xlink:arcrole="http://www.xbrl.org/2003/arcrole/summation-item" order="7" weight="1" />
  </link:calculationLink>
  <link:calculationLink xlink:type="extended" xlink:role="http://disclosure.edinet-fsa.go.jp/role/jppfs/rol_QuarterlyStatementOfCashFlows-indirect">
    <link:loc xlink:type="locator" xlink:href="http://disclosure.edinet-fsa.go.jp/taxonomy/jppfs/2019-11-01/jppfs_cor_2019-11-01.xsd#jppfs_cor_CashDividendsPaidFinCF" xlink:label="jppfs_cor_CashDividendsPaidFinCF" />
    <link:loc xlink:type="locator" xlink:href="http://disclosure.edinet-fsa.go.jp/taxonomy/jppfs/2019-11-01/jppfs_cor_2019-11-01.xsd#jppfs_cor_DecreaseIncreaseInCashSegregatedAsDepositsOpeCFSEC" xlink:label="jppfs_cor_DecreaseIncreaseInCashSegregatedAsDepositsOpeCFSEC" />
    <link:loc xlink:type="locator" xlink:href="http://disclosure.edinet-fsa.go.jp/taxonomy/jppfs/2019-11-01/jppfs_cor_2019-11-01.xsd#jppfs_cor_DecreaseIncreaseInLoansSecuredBySecuritiesOpeCFSEC" xlink:label="jppfs_cor_DecreaseIncreaseInLoansSecuredBySecuritiesOpeCFSEC" />
    <link:loc xlink:type="locator" xlink:href="http://disclosure.edinet-fsa.go.jp/taxonomy/jppfs/2019-11-01/jppfs_cor_2019-11-01.xsd#jppfs_cor_DecreaseIncreaseInMarginTransactionAssetsOpeCFSEC" xlink:label="jppfs_cor_DecreaseIncreaseInMarginTransactionAssetsOpeCFSEC" />
    <link:loc xlink:type="locator" xlink:href="http://disclosure.edinet-fsa.go.jp/taxonomy/jppfs/2019-11-01/jppfs_cor_2019-11-01.xsd#jppfs_cor_DecreaseIncreaseInShortTermGuaranteeDepositsOpeCFSEC" xlink:label="jppfs_cor_DecreaseIncreaseInShortTermGuaranteeDepositsOpeCFSEC" />
    <link:loc xlink:type="locator" xlink:href="http://disclosure.edinet-fsa.go.jp/taxonomy/jppfs/2019-11-01/jppfs_cor_2019-11-01.xsd#jppfs_cor_DecreaseIncreaseInTradingProductsAssetsOpeCFSEC" xlink:label="jppfs_cor_DecreaseIncreaseInTradingProductsAssetsOpeCFSEC" />
    <link:loc xlink:type="locator" xlink:href="http://disclosure.edinet-fsa.go.jp/taxonomy/jppfs/2019-11-01/jppfs_cor_2019-11-01.xsd#jppfs_cor_DepreciationAndAmortizationOpeCF" xlink:label="jppfs_cor_DepreciationAndAmortizationOpeCF" />
    <link:loc xlink:type="locator" xlink:href="http://disclosure.edinet-fsa.go.jp/taxonomy/jppfs/2019-11-01/jppfs_cor_2019-11-01.xsd#jppfs_cor_IncomeBeforeIncomeTaxes" xlink:label="jppfs_cor_IncomeBeforeIncomeTaxes" />
    <link:loc xlink:type="locator" xlink:href="http://disclosure.edinet-fsa.go.jp/taxonomy/jppfs/2019-11-01/jppfs_cor_2019-11-01.xsd#jppfs_cor_IncomeTaxesPaidOpeCF" xlink:label="jppfs_cor_IncomeTaxesPaidOpeCF" />
    <link:loc xlink:type="locator" xlink:href="http://disclosure.edinet-fsa.go.jp/taxonomy/jppfs/2019-11-01/jppfs_cor_2019-11-01.xsd#jppfs_cor_IncomeTaxesRefundOpeCF" xlink:label="jppfs_cor_IncomeTaxesRefundOpeCF" />
    <link:loc xlink:type="locator" xlink:href="http://disclosure.edinet-fsa.go.jp/taxonomy/jppfs/2019-11-01/jppfs_cor_2019-11-01.xsd#jppfs_cor_IncreaseDecreaseInAllowanceForDoubtfulAccountsOpeCF" xlink:label="jppfs_cor_IncreaseDecreaseInAllowanceForDoubtfulAccountsOpeCF" />
    <link:loc xlink:type="locator" xlink:href="http://disclosure.edinet-fsa.go.jp/taxonomy/jppfs/2019-11-01/jppfs_cor_2019-11-01.xsd#jppfs_cor_IncreaseDecreaseInDepositsAndGuaranteeDepositsReceivedOpeCFSEC" xlink:label="jppfs_cor_IncreaseDecreaseInDepositsAndGuaranteeDepositsReceivedOpeCFSEC" />
    <link:loc xlink:type="locator" xlink:href="http://disclosure.edinet-fsa.go.jp/taxonomy/jppfs/2019-11-01/jppfs_cor_2019-11-01.xsd#jppfs_cor_IncreaseDecreaseInMarginTransactionLiabilitiesOpeCFSEC" xlink:label="jppfs_cor_IncreaseDecreaseInMarginTransactionLiabilitiesOpeCFSEC" />
    <link:loc xlink:type="locator" xlink:href="http://disclosure.edinet-fsa.go.jp/taxonomy/jppfs/2019-11-01/jppfs_cor_2019-11-01.xsd#jppfs_cor_IncreaseDecreaseInProvisionForDirectorsRetirementBenefitsOpeCF" xlink:label="jppfs_cor_IncreaseDecreaseInProvisionForDirectorsRetirementBenefitsOpeCF" />
    <link:loc xlink:type="locator" xlink:href="http://disclosure.edinet-fsa.go.jp/taxonomy/jppfs/2019-11-01/jppfs_cor_2019-11-01.xsd#jppfs_cor_IncreaseDecreaseInReserveForFinancialProductsTransactionLiabilitiesOpeCFSEC" xlink:label="jppfs_cor_IncreaseDecreaseInReserveForFinancialProductsTransactionLiabilitiesOpeCFSEC" />
    <link:loc xlink:type="locator" xlink:href="http://disclosure.edinet-fsa.go.jp/taxonomy/jppfs/2019-11-01/jppfs_cor_2019-11-01.xsd#jppfs_cor_IncreaseDecreaseInTradingProductsLiabilitiesOpeCFSEC" xlink:label="jppfs_cor_IncreaseDecreaseInTradingProductsLiabilitiesOpeCFSEC" />
    <link:loc xlink:type="locator" xlink:href="http://disclosure.edinet-fsa.go.jp/taxonomy/jppfs/2019-11-01/jppfs_cor_2019-11-01.xsd#jppfs_cor_InterestAndDividendsIncomeOpeCF" xlink:label="jppfs_cor_InterestAndDividendsIncomeOpeCF" />
    <link:loc xlink:type="locator" xlink:href="http://disclosure.edinet-fsa.go.jp/taxonomy/jppfs/2019-11-01/jppfs_cor_2019-11-01.xsd#jppfs_cor_InterestAndDividendsIncomeReceivedOpeCFInvCF" xlink:label="jppfs_cor_InterestAndDividendsIncomeReceivedOpeCFInvCF" />
    <link:loc xlink:type="locator" xlink:href="http://disclosure.edinet-fsa.go.jp/taxonomy/jppfs/2019-11-01/jppfs_cor_2019-11-01.xsd#jppfs_cor_LossGainOnInvestmentsInPartnershipOpeCF" xlink:label="jppfs_cor_LossGainOnInvestmentsInPartnershipOpeCF" />
    <link:loc xlink:type="locator" xlink:href="http://disclosure.edinet-fsa.go.jp/taxonomy/jppfs/2019-11-01/jppfs_cor_2019-11-01.xsd#jppfs_cor_LossGainOnSalesOfPropertyPlantAndEquipmentOpeCF" xlink:label="jppfs_cor_LossGainOnSalesOfPropertyPlantAndEquipmentOpeCF" />
    <link:loc xlink:type="locator" xlink:href="http://disclosure.edinet-fsa.go.jp/taxonomy/jppfs/2019-11-01/jppfs_cor_2019-11-01.xsd#jppfs_cor_NetCashProvidedByUsedInFinancingActivities" xlink:label="jppfs_cor_NetCashProvidedByUsedInFinancingActivities" />
    <link:loc xlink:type="locator" xlink:href="http://disclosure.edinet-fsa.go.jp/taxonomy/jppfs/2019-11-01/jppfs_cor_2019-11-01.xsd#jppfs_cor_NetCashProvidedByUsedInInvestmentActivities" xlink:label="jppfs_cor_NetCashProvidedByUsedInInvestmentActivities" />
    <link:loc xlink:type="locator" xlink:href="http://disclosure.edinet-fsa.go.jp/taxonomy/jppfs/2019-11-01/jppfs_cor_2019-11-01.xsd#jppfs_cor_NetCashProvidedByUsedInOperatingActivities" xlink:label="jppfs_cor_NetCashProvidedByUsedInOperatingActivities" />
    <link:loc xlink:type="locator" xlink:href="http://disclosure.edinet-fsa.go.jp/taxonomy/jppfs/2019-11-01/jppfs_cor_2019-11-01.xsd#jppfs_cor_NetIncreaseDecreaseInCashAndCashEquivalents" xlink:label="jppfs_cor_NetIncreaseDecreaseInCashAndCashEquivalents" />
    <link:loc xlink:type="locator" xlink:href="http://disclosure.edinet-fsa.go.jp/taxonomy/jppfs/2019-11-01/jppfs_cor_2019-11-01.xsd#jppfs_cor_OtherNetInvCF" xlink:label="jppfs_cor_OtherNetInvCF" />
    <link:loc xlink:type="locator" xlink:href="http://disclosure.edinet-fsa.go.jp/taxonomy/jppfs/2019-11-01/jppfs_cor_2019-11-01.xsd#jppfs_cor_OtherNetOpeCF" xlink:label="jppfs_cor_OtherNetOpeCF" />
    <link:loc xlink:type="locator" xlink:href="http://disclosure.edinet-fsa.go.jp/taxonomy/jppfs/2019-11-01/jppfs_cor_2019-11-01.xsd#jppfs_cor_PurchaseOfInvestmentSecuritiesInvCF" xlink:label="jppfs_cor_PurchaseOfInvestmentSecuritiesInvCF" />
    <link:loc xlink:type="locator" xlink:href="http://disclosure.edinet-fsa.go.jp/taxonomy/jppfs/2019-11-01/jppfs_cor_2019-11-01.xsd#jppfs_cor_PurchaseOfPropertyPlantAndEquipmentInvCF" xlink:label="jppfs_cor_PurchaseOfPropertyPlantAndEquipmentInvCF" />
    <link:loc xlink:type="locator" xlink:href="http://disclosure.edinet-fsa.go.jp/taxonomy/jppfs/2019-11-01/jppfs_cor_2019-11-01.xsd#jppfs_cor_PurchaseOfTreasuryStockFinCF" xlink:label="jppfs_cor_PurchaseOfTreasuryStockFinCF" />
    <link:loc xlink:type="locator" xlink:href="http://disclosure.edinet-fsa.go.jp/taxonomy/jppfs/2019-11-01/jppfs_cor_2019-11-01.xsd#jppfs_cor_SubtotalOpeCF" xlink:label="jppfs_cor_SubtotalOpeCF" />
    <link:loc xlink:type="locator" xlink:href="tse-qnedjpfr-86170-2020-09-30-01-2020-10-19.xsd#tse-qnedjpfr-86170_DecreaseInTradeDateAccrualOpeCFSEC" xlink:label="tse-qnedjpfr-86170_DecreaseInTradeDateAccrualOpeCFSEC" />
    <link:loc xlink:type="locator" xlink:href="tse-qnedjpfr-86170-2020-09-30-01-2020-10-19.xsd#tse-qnedjpfr-86170_ProseedsFromDistributionOfInvestmentInPartnershipsInvCF" xlink:label="tse-qnedjpfr-86170_ProseedsFromDistributionOfInvestmentInPartnershipsInvCF" />
    <link:calculationArc xlink:type="arc" xlink:from="jppfs_cor_NetCashProvidedByUsedInFinancingActivities" xlink:to="jppfs_cor_PurchaseOfTreasuryStockFinCF" xlink:arcrole="http://www.xbrl.org/2003/arcrole/summation-item" order="1" weight="1" />
    <link:calculationArc xlink:type="arc" xlink:from="jppfs_cor_NetCashProvidedByUsedInFinancingActivities" xlink:to="jppfs_cor_CashDividendsPaidFinCF" xlink:arcrole="http://www.xbrl.org/2003/arcrole/summation-item" order="2" weight="1" />
    <link:calculationArc xlink:type="arc" xlink:from="jppfs_cor_NetIncreaseDecreaseInCashAndCashEquivalents" xlink:to="jppfs_cor_NetCashProvidedByUsedInOperatingActivities" xlink:arcrole="http://www.xbrl.org/2003/arcrole/summation-item" order="1" weight="1" />
    <link:calculationArc xlink:type="arc" xlink:from="jppfs_cor_NetCashProvidedByUsedInOperatingActivities" xlink:to="jppfs_cor_SubtotalOpeCF" xlink:arcrole="http://www.xbrl.org/2003/arcrole/summation-item" order="1" weight="1" />
    <link:calculationArc xlink:type="arc" xlink:from="jppfs_cor_NetCashProvidedByUsedInOperatingActivities" xlink:to="jppfs_cor_InterestAndDividendsIncomeReceivedOpeCFInvCF" xlink:arcrole="http://www.xbrl.org/2003/arcrole/summation-item" order="2" weight="1" />
    <link:calculationArc xlink:type="arc" xlink:from="jppfs_cor_NetCashProvidedByUsedInOperatingActivities" xlink:to="jppfs_cor_IncomeTaxesRefundOpeCF" xlink:arcrole="http://www.xbrl.org/2003/arcrole/summation-item" order="3" weight="1" />
    <link:calculationArc xlink:type="arc" xlink:from="jppfs_cor_NetCashProvidedByUsedInOperatingActivities" xlink:to="jppfs_cor_IncomeTaxesPaidOpeCF" xlink:arcrole="http://www.xbrl.org/2003/arcrole/summation-item" order="4" weight="1" />
    <link:calculationArc xlink:type="arc" xlink:from="jppfs_cor_NetIncreaseDecreaseInCashAndCashEquivalents" xlink:to="jppfs_cor_NetCashProvidedByUsedInInvestmentActivities" xlink:arcrole="http://www.xbrl.org/2003/arcrole/summation-item" order="2" weight="1" />
    <link:calculationArc xlink:type="arc" xlink:from="jppfs_cor_NetCashProvidedByUsedInInvestmentActivities" xlink:to="jppfs_cor_PurchaseOfPropertyPlantAndEquipmentInvCF" xlink:arcrole="http://www.xbrl.org/2003/arcrole/summation-item" order="1" weight="1" />
    <link:calculationArc xlink:type="arc" xlink:from="jppfs_cor_NetCashProvidedByUsedInInvestmentActivities" xlink:to="jppfs_cor_PurchaseOfInvestmentSecuritiesInvCF" xlink:arcrole="http://www.xbrl.org/2003/arcrole/summation-item" order="2" weight="1" />
    <link:calculationArc xlink:type="arc" xlink:from="jppfs_cor_NetCashProvidedByUsedInInvestmentActivities" xlink:to="tse-qnedjpfr-86170_ProseedsFromDistributionOfInvestmentInPartnershipsInvCF" xlink:arcrole="http://www.xbrl.org/2003/arcrole/summation-item" order="3" weight="1" />
    <link:calculationArc xlink:type="arc" xlink:from="jppfs_cor_NetCashProvidedByUsedInInvestmentActivities" xlink:to="jppfs_cor_OtherNetInvCF" xlink:arcrole="http://www.xbrl.org/2003/arcrole/summation-item" order="4" weight="1" />
    <link:calculationArc xlink:type="arc" xlink:from="jppfs_cor_NetIncreaseDecreaseInCashAndCashEquivalents" xlink:to="jppfs_cor_NetCashProvidedByUsedInFinancingActivities" xlink:arcrole="http://www.xbrl.org/2003/arcrole/summation-item" order="3" weight="1" />
    <link:calculationArc xlink:type="arc" xlink:from="jppfs_cor_SubtotalOpeCF" xlink:to="jppfs_cor_IncomeBeforeIncomeTaxes" xlink:arcrole="http://www.xbrl.org/2003/arcrole/summation-item" order="1" weight="1" />
    <link:calculationArc xlink:type="arc" xlink:from="jppfs_cor_SubtotalOpeCF" xlink:to="jppfs_cor_DepreciationAndAmortizationOpeCF" xlink:arcrole="http://www.xbrl.org/2003/arcrole/summation-item" order="2" weight="1" />
    <link:calculationArc xlink:type="arc" xlink:from="jppfs_cor_SubtotalOpeCF" xlink:to="jppfs_cor_IncreaseDecreaseInAllowanceForDoubtfulAccountsOpeCF" xlink:arcrole="http://www.xbrl.org/2003/arcrole/summation-item" order="3" weight="1" />
    <link:calculationArc xlink:type="arc" xlink:from="jppfs_cor_SubtotalOpeCF" xlink:to="jppfs_cor_LossGainOnInvestmentsInPartnershipOpeCF" xlink:arcrole="http://www.xbrl.org/2003/arcrole/summation-item" order="4" weight="1" />
    <link:calculationArc xlink:type="arc" xlink:from="jppfs_cor_SubtotalOpeCF" xlink:to="jppfs_cor_IncreaseDecreaseInProvisionForDirectorsRetirementBenefitsOpeCF" xlink:arcrole="http://www.xbrl.org/2003/arcrole/summation-item" order="5" weight="1" />
    <link:calculationArc xlink:type="arc" xlink:from="jppfs_cor_SubtotalOpeCF" xlink:to="jppfs_cor_IncreaseDecreaseInReserveForFinancialProductsTransactionLiabilitiesOpeCFSEC" xlink:arcrole="http://www.xbrl.org/2003/arcrole/summation-item" order="6" weight="1" />
    <link:calculationArc xlink:type="arc" xlink:from="jppfs_cor_SubtotalOpeCF" xlink:to="jppfs_cor_InterestAndDividendsIncomeOpeCF" xlink:arcrole="http://www.xbrl.org/2003/arcrole/summation-item" order="7" weight="1" />
    <link:calculationArc xlink:type="arc" xlink:from="jppfs_cor_SubtotalOpeCF" xlink:to="jppfs_cor_LossGainOnSalesOfPropertyPlantAndEquipmentOpeCF" xlink:arcrole="http://www.xbrl.org/2003/arcrole/summation-item" order="8" weight="1" />
    <link:calculationArc xlink:type="arc" xlink:from="jppfs_cor_SubtotalOpeCF" xlink:to="jppfs_cor_DecreaseIncreaseInCashSegregatedAsDepositsOpeCFSEC" xlink:arcrole="http://www.xbrl.org/2003/arcrole/summation-item" order="9" weight="1" />
    <link:calculationArc xlink:type="arc" xlink:from="jppfs_cor_SubtotalOpeCF" xlink:to="jppfs_cor_IncreaseDecreaseInDepositsAndGuaranteeDepositsReceivedOpeCFSEC" xlink:arcrole="http://www.xbrl.org/2003/arcrole/summation-item" order="10" weight="1" />
    <link:calculationArc xlink:type="arc" xlink:from="jppfs_cor_SubtotalOpeCF" xlink:to="tse-qnedjpfr-86170_DecreaseInTradeDateAccrualOpeCFSEC" xlink:arcrole="http://www.xbrl.org/2003/arcrole/summation-item" order="11" weight="1" />
    <link:calculationArc xlink:type="arc" xlink:from="jppfs_cor_SubtotalOpeCF" xlink:to="jppfs_cor_DecreaseIncreaseInTradingProductsAssetsOpeCFSEC" xlink:arcrole="http://www.xbrl.org/2003/arcrole/summation-item" order="12" weight="1" />
    <link:calculationArc xlink:type="arc" xlink:from="jppfs_cor_SubtotalOpeCF" xlink:to="jppfs_cor_IncreaseDecreaseInTradingProductsLiabilitiesOpeCFSEC" xlink:arcrole="http://www.xbrl.org/2003/arcrole/summation-item" order="13" weight="1" />
    <link:calculationArc xlink:type="arc" xlink:from="jppfs_cor_SubtotalOpeCF" xlink:to="jppfs_cor_DecreaseIncreaseInMarginTransactionAssetsOpeCFSEC" xlink:arcrole="http://www.xbrl.org/2003/arcrole/summation-item" order="14" weight="1" />
    <link:calculationArc xlink:type="arc" xlink:from="jppfs_cor_SubtotalOpeCF" xlink:to="jppfs_cor_IncreaseDecreaseInMarginTransactionLiabilitiesOpeCFSEC" xlink:arcrole="http://www.xbrl.org/2003/arcrole/summation-item" order="15" weight="1" />
    <link:calculationArc xlink:type="arc" xlink:from="jppfs_cor_SubtotalOpeCF" xlink:to="jppfs_cor_DecreaseIncreaseInShortTermGuaranteeDepositsOpeCFSEC" xlink:arcrole="http://www.xbrl.org/2003/arcrole/summation-item" order="16" weight="1" />
    <link:calculationArc xlink:type="arc" xlink:from="jppfs_cor_SubtotalOpeCF" xlink:to="jppfs_cor_DecreaseIncreaseInLoansSecuredBySecuritiesOpeCFSEC" xlink:arcrole="http://www.xbrl.org/2003/arcrole/summation-item" order="17" weight="1" />
    <link:calculationArc xlink:type="arc" xlink:from="jppfs_cor_SubtotalOpeCF" xlink:to="jppfs_cor_OtherNetOpeCF" xlink:arcrole="http://www.xbrl.org/2003/arcrole/summation-item" order="18" weight="1" />
  </link:calculationLink>
</link:linkbase>