﻿<?xml version="1.0" encoding="utf-8"?>
<!-- Edited with FutureStage XBRL Solution Library .NET 01-11 -->
<link:linkbase xmlns:xlink="http://www.w3.org/1999/xlink" xmlns:xsi="http://www.w3.org/2001/XMLSchema-instance" xmlns:link="http://www.xbrl.org/2003/linkbase">
  <link:labelLink xlink:type="extended" xlink:role="http://www.xbrl.org/2003/role/link">
    <link:label xml:lang="ja" xlink:type="resource" xlink:label="tse-qnedjpfr-86170_DecreaseInTradeDateAccrualOpeCFSEC_label" xlink:role="http://www.xbrl.org/2003/role/label">約定見返勘定の増減</link:label>
    <link:label xml:lang="ja" xlink:type="resource" xlink:label="tse-qnedjpfr-86170_DecreaseInTradeDateAccrualOpeCFSEC_label_1" xlink:role="http://www.xbrl.org/2003/role/verboseLabel">約定見返勘定の増減、営業活動によるキャッシュ・フロー、第一種金融商品取引業</link:label>
    <link:label xml:lang="ja" xlink:type="resource" xlink:label="tse-qnedjpfr-86170_LongTermAdvancePaidIOASEC_label_1" xlink:role="http://www.xbrl.org/2003/role/label">長期立替金</link:label>
    <link:label xml:lang="ja" xlink:type="resource" xlink:label="tse-qnedjpfr-86170_LongTermAdvancePaidIOASEC_label_2" xlink:role="http://www.xbrl.org/2003/role/verboseLabel">長期立替金、投資その他の資産、第一種金融商品取引業</link:label>
    <link:label xml:lang="ja" xlink:type="resource" xlink:label="tse-qnedjpfr-86170_LongTermAdvancePaidIOASEC_label" xlink:role="http://www.xbrl.org/2003/role/documentation">長期立替金、投資その他の資産、第一種金融商品取引業</link:label>
    <link:label xml:lang="ja" xlink:type="resource" xlink:label="tse-qnedjpfr-86170_ProseedsFromDistributionOfInvestmentInPartnershipsInvCF_label_1" xlink:role="http://www.xbrl.org/2003/role/label">投資事業有限責任組合からの分配による収入</link:label>
    <link:label xml:lang="ja" xlink:type="resource" xlink:label="tse-qnedjpfr-86170_ProseedsFromDistributionOfInvestmentInPartnershipsInvCF_label_2" xlink:role="http://www.xbrl.org/2003/role/verboseLabel">投資事業有限責任組合からの分配による収入、投資活動によるキャッシュ・フロー</link:label>
    <link:label xml:lang="ja" xlink:type="resource" xlink:label="tse-qnedjpfr-86170_ProseedsFromDistributionOfInvestmentInPartnershipsInvCF_label" xlink:role="http://www.xbrl.org/2003/role/documentation">投資事業有限責任組合からの分配による収入、投資活動によるキャッシュ・フロー</link:label>
    <link:loc xlink:type="locator" xlink:href="tse-qnedjpfr-86170-2020-09-30-01-2020-10-19.xsd#tse-qnedjpfr-86170_DecreaseInTradeDateAccrualOpeCFSEC" xlink:label="tse-qnedjpfr-86170_DecreaseInTradeDateAccrualOpeCFSEC" />
    <link:loc xlink:type="locator" xlink:href="tse-qnedjpfr-86170-2020-09-30-01-2020-10-19.xsd#tse-qnedjpfr-86170_LongTermAdvancePaidIOASEC" xlink:label="tse-qnedjpfr-86170_LongTermAdvancePaidIOASEC" />
    <link:loc xlink:type="locator" xlink:href="tse-qnedjpfr-86170-2020-09-30-01-2020-10-19.xsd#tse-qnedjpfr-86170_ProseedsFromDistributionOfInvestmentInPartnershipsInvCF" xlink:label="tse-qnedjpfr-86170_ProseedsFromDistributionOfInvestmentInPartnershipsInvCF" />
    <link:labelArc xlink:type="arc" xlink:from="tse-qnedjpfr-86170_DecreaseInTradeDateAccrualOpeCFSEC" xlink:to="tse-qnedjpfr-86170_DecreaseInTradeDateAccrualOpeCFSEC_label_1" xlink:arcrole="http://www.xbrl.org/2003/arcrole/concept-label" order="1" />
    <link:labelArc xlink:type="arc" xlink:from="tse-qnedjpfr-86170_DecreaseInTradeDateAccrualOpeCFSEC" xlink:to="tse-qnedjpfr-86170_DecreaseInTradeDateAccrualOpeCFSEC_label" xlink:arcrole="http://www.xbrl.org/2003/arcrole/concept-label" order="1" />
    <link:labelArc xlink:type="arc" xlink:from="tse-qnedjpfr-86170_LongTermAdvancePaidIOASEC" xlink:to="tse-qnedjpfr-86170_LongTermAdvancePaidIOASEC_label_2" xlink:arcrole="http://www.xbrl.org/2003/arcrole/concept-label" order="1" />
    <link:labelArc xlink:type="arc" xlink:from="tse-qnedjpfr-86170_LongTermAdvancePaidIOASEC" xlink:to="tse-qnedjpfr-86170_LongTermAdvancePaidIOASEC_label_1" xlink:arcrole="http://www.xbrl.org/2003/arcrole/concept-label" order="1" />
    <link:labelArc xlink:type="arc" xlink:from="tse-qnedjpfr-86170_LongTermAdvancePaidIOASEC" xlink:to="tse-qnedjpfr-86170_LongTermAdvancePaidIOASEC_label" xlink:arcrole="http://www.xbrl.org/2003/arcrole/concept-label" order="1" />
    <link:labelArc xlink:type="arc" xlink:from="tse-qnedjpfr-86170_ProseedsFromDistributionOfInvestmentInPartnershipsInvCF" xlink:to="tse-qnedjpfr-86170_ProseedsFromDistributionOfInvestmentInPartnershipsInvCF_label_2" xlink:arcrole="http://www.xbrl.org/2003/arcrole/concept-label" order="1" />
    <link:labelArc xlink:type="arc" xlink:from="tse-qnedjpfr-86170_ProseedsFromDistributionOfInvestmentInPartnershipsInvCF" xlink:to="tse-qnedjpfr-86170_ProseedsFromDistributionOfInvestmentInPartnershipsInvCF_label_1" xlink:arcrole="http://www.xbrl.org/2003/arcrole/concept-label" order="1" />
    <link:labelArc xlink:type="arc" xlink:from="tse-qnedjpfr-86170_ProseedsFromDistributionOfInvestmentInPartnershipsInvCF" xlink:to="tse-qnedjpfr-86170_ProseedsFromDistributionOfInvestmentInPartnershipsInvCF_label" xlink:arcrole="http://www.xbrl.org/2003/arcrole/concept-label" order="1" />
  </link:labelLink>
</link:linkbase>