<?xml version="1.0" encoding="utf-8"?>
<!-- Generated by PRONEXUS WORKS --><link:linkbase xmlns:link="http://www.xbrl.org/2003/linkbase" xmlns:xsi="http://www.w3.org/2001/XMLSchema-instance" xmlns:xbrli="http://www.xbrl.org/2003/instance" xmlns:xlink="http://www.w3.org/1999/xlink">  <link:labelLink xlink:type="extended" xlink:role="http://www.xbrl.org/2003/role/link">    <link:loc xlink:type="locator" xlink:href="tse-anrejpfr-32260-2020-08-31-01-2020-10-19.xsd#tse-anrejpfr-32260_ReversalOfDistributionPayableOpeCFINV" xlink:label="ReversalOfDistributionPayableOpeCFINV" />    <link:loc xlink:type="locator" xlink:href="tse-anrejpfr-32260-2020-08-31-01-2020-10-19.xsd#tse-anrejpfr-32260_DecreaseIncreaseInAccountsReceivablePMCompanyOpeCFINV" xlink:label="DecreaseIncreaseInAccountsReceivablePMCompanyOpeCFINV" />    <link:loc xlink:type="locator" xlink:href="tse-anrejpfr-32260-2020-08-31-01-2020-10-19.xsd#tse-anrejpfr-32260_AccountsReceivablePMCompanyCAINV" xlink:label="AccountsReceivablePMCompanyCAINV" />    <link:label xlink:type="resource" xlink:label="label_AccountsReceivablePMCompanyCAINV" xml:lang="en" xlink:role="http://www.xbrl.org/2003/role/label" id="label_AccountsReceivablePMCompanyCAINV">Accounts receivable-PM company</link:label>    <link:labelArc xlink:type="arc" xlink:arcrole="http://www.xbrl.org/2003/arcrole/concept-label" xlink:from="AccountsReceivablePMCompanyCAINV" xlink:to="label_AccountsReceivablePMCompanyCAINV" />    <link:label xlink:type="resource" xlink:label="label_AccountsReceivablePMCompanyCAINV_2" xml:lang="en" xlink:role="http://www.xbrl.org/2003/role/verboseLabel" id="label_AccountsReceivablePMCompanyCAINV_2">Accounts receivable-PM company-CA-INV</link:label>    <link:labelArc xlink:type="arc" xlink:arcrole="http://www.xbrl.org/2003/arcrole/concept-label" xlink:from="AccountsReceivablePMCompanyCAINV" xlink:to="label_AccountsReceivablePMCompanyCAINV_2" />    <link:loc xlink:type="locator" xlink:href="http://disclosure.edinet-fsa.go.jp/taxonomy/jppfs/2019-11-01/jppfs_cor_2019-11-01.xsd#jppfs_cor_DeferredAssetsAbstract" xlink:label="DeferredAssetsAbstract" />    <link:label xlink:type="resource" xlink:label="label_DeferredAssetsAbstract" xml:lang="en" xlink:role="http://www.xbrl.org/2003/role/totalLabel" id="label_DeferredAssetsAbstract">Total deferred assets</link:label>    <link:labelArc xlink:type="arc" xlink:arcrole="http://www.xbrl.org/2003/arcrole/concept-label" xlink:from="DeferredAssetsAbstract" xlink:to="label_DeferredAssetsAbstract" />    <link:label xlink:type="resource" xlink:label="label_ReversalOfDistributionPayableOpeCFINV" xml:lang="en" xlink:role="http://www.xbrl.org/2003/role/label" id="label_ReversalOfDistributionPayableOpeCFINV">Reversal of distribution payable</link:label>    <link:labelArc xlink:type="arc" xlink:arcrole="http://www.xbrl.org/2003/arcrole/concept-label" xlink:from="ReversalOfDistributionPayableOpeCFINV" xlink:to="label_ReversalOfDistributionPayableOpeCFINV" />    <link:label xlink:type="resource" xlink:label="label_ReversalOfDistributionPayableOpeCFINV_2" xml:lang="en" xlink:role="http://www.xbrl.org/2003/role/verboseLabel" id="label_ReversalOfDistributionPayableOpeCFINV_2">Reversal of distribution payable-OpeCF-INV</link:label>    <link:labelArc xlink:type="arc" xlink:arcrole="http://www.xbrl.org/2003/arcrole/concept-label" xlink:from="ReversalOfDistributionPayableOpeCFINV" xlink:to="label_ReversalOfDistributionPayableOpeCFINV_2" />    <link:label xlink:type="resource" xlink:label="label_DecreaseIncreaseInAccountsReceivablePMCompanyOpeCFINV" xml:lang="en" xlink:role="http://www.xbrl.org/2003/role/label" id="label_DecreaseIncreaseInAccountsReceivablePMCompanyOpeCFINV">Decrease (increase) in accounts receivable-PM company</link:label>    <link:labelArc xlink:type="arc" xlink:arcrole="http://www.xbrl.org/2003/arcrole/concept-label" xlink:from="DecreaseIncreaseInAccountsReceivablePMCompanyOpeCFINV" xlink:to="label_DecreaseIncreaseInAccountsReceivablePMCompanyOpeCFINV" />    <link:label xlink:type="resource" xlink:label="label_DecreaseIncreaseInAccountsReceivablePMCompanyOpeCFINV_2" xml:lang="en" xlink:role="http://www.xbrl.org/2003/role/verboseLabel" id="label_DecreaseIncreaseInAccountsReceivablePMCompanyOpeCFINV_2">Decrease (increase) in accounts receivable-PM company-OpeCF-INV</link:label>    <link:labelArc xlink:type="arc" xlink:arcrole="http://www.xbrl.org/2003/arcrole/concept-label" xlink:from="DecreaseIncreaseInAccountsReceivablePMCompanyOpeCFINV" xlink:to="label_DecreaseIncreaseInAccountsReceivablePMCompanyOpeCFINV_2" />  </link:labelLink></link:linkbase>