<?xml version="1.0" encoding="UTF-8"?><!-- Generated by Fujitsu Interstage XWand B0196 --><linkbase xmlns="http://www.xbrl.org/2003/linkbase" xmlns:xbrldt="http://xbrl.org/2005/xbrldt" xmlns:xbrli="http://www.xbrl.org/2003/instance" xmlns:xlink="http://www.w3.org/1999/xlink" xmlns:xsi="http://www.w3.org/2001/XMLSchema-instance"><roleRef roleURI="http://www.xbrl.tdnet.info/jp/tse/tdnet/role/RoleConsolidatedInformationAnnual" xlink:href="http://www.xbrl.tdnet.info/taxonomy/jp/tse/tdnet/ed/o/rt/2014-01-12/tse-ed-rt-2014-01-12.xsd#RoleConsolidatedInformationAnnual" xlink:type="simple"/><roleRef roleURI="http://www.xbrl.tdnet.info/jp/tse/tdnet/role/RoleConsolidatedInformationQ2YTD" xlink:href="http://www.xbrl.tdnet.info/taxonomy/jp/tse/tdnet/ed/o/rt/2014-01-12/tse-ed-rt-2014-01-12.xsd#RoleConsolidatedInformationQ2YTD" xlink:type="simple"/><roleRef roleURI="http://www.xbrl.tdnet.info/jp/tse/tdnet/role/RoleDocumentEntityInformation" xlink:href="http://www.xbrl.tdnet.info/taxonomy/jp/tse/tdnet/ed/o/rt/2014-01-12/tse-ed-rt-2014-01-12.xsd#RoleDocumentEntityInformation" xlink:type="simple"/><roleRef roleURI="http://www.xbrl.tdnet.info/jp/tse/tdnet/role/RoleNonConsolidatedInformationAnnual" xlink:href="http://www.xbrl.tdnet.info/taxonomy/jp/tse/tdnet/ed/o/rt/2014-01-12/tse-ed-rt-2014-01-12.xsd#RoleNonConsolidatedInformationAnnual" xlink:type="simple"/><roleRef roleURI="http://www.xbrl.tdnet.info/jp/tse/tdnet/role/RoleNonConsolidatedInformationQ2YTD" xlink:href="http://www.xbrl.tdnet.info/taxonomy/jp/tse/tdnet/ed/o/rt/2014-01-12/tse-ed-rt-2014-01-12.xsd#RoleNonConsolidatedInformationQ2YTD" xlink:type="simple"/><roleRef roleURI="http://www.xbrl.tdnet.info/jp/tse/tdnet/role/RoleNoteFinancialForecastCorrection" xlink:href="http://www.xbrl.tdnet.info/taxonomy/jp/tse/tdnet/ed/o/rt/2014-01-12/tse-ed-rt-2014-01-12.xsd#RoleNoteFinancialForecastCorrection" xlink:type="simple"/><roleRef roleURI="http://www.xbrl.tdnet.info/jp/tse/tdnet/role/RoleNoteRevisedDividendForecast" xlink:href="http://www.xbrl.tdnet.info/taxonomy/jp/tse/tdnet/ed/o/rt/2014-01-12/tse-ed-rt-2014-01-12.xsd#RoleNoteRevisedDividendForecast" xlink:type="simple"/><roleRef roleURI="http://www.xbrl.tdnet.info/jp/tse/tdnet/role/RoleRevisedDividendForecast" xlink:href="http://www.xbrl.tdnet.info/taxonomy/jp/tse/tdnet/ed/o/rt/2014-01-12/tse-ed-rt-2014-01-12.xsd#RoleRevisedDividendForecast" xlink:type="simple"/><arcroleRef arcroleURI="http://xbrl.org/int/dim/arcrole/all" xlink:href="http://www.xbrl.org/2005/xbrldt-2005.xsd#all" xlink:type="simple"/><arcroleRef arcroleURI="http://xbrl.org/int/dim/arcrole/dimension-domain" xlink:href="http://www.xbrl.org/2005/xbrldt-2005.xsd#dimension-domain" xlink:type="simple"/><arcroleRef arcroleURI="http://xbrl.org/int/dim/arcrole/domain-member" xlink:href="http://www.xbrl.org/2005/xbrldt-2005.xsd#domain-member" xlink:type="simple"/><arcroleRef arcroleURI="http://xbrl.org/int/dim/arcrole/hypercube-dimension" xlink:href="http://www.xbrl.org/2005/xbrldt-2005.xsd#hypercube-dimension" xlink:type="simple"/><definitionLink xlink:role="http://www.xbrl.tdnet.info/jp/tse/tdnet/role/RoleDocumentEntityInformation" xlink:type="extended"><loc xlink:href="http://www.xbrl.tdnet.info/taxonomy/jp/tse/tdnet/ed/t/2014-01-12/tse-ed-t-2014-01-12.xsd#tse-ed-t_DocumentEntityInformationHeading" xlink:label="DocumentEntityInformationHeading" xlink:type="locator"/><loc xlink:href="http://www.xbrl.tdnet.info/taxonomy/jp/tse/tdnet/ed/t/2014-01-12/tse-ed-t-2014-01-12.xsd#tse-ed-t_DocumentEntityInformationTable" xlink:label="DocumentEntityInformationTable" xlink:type="locator"/><definitionArc order="1.0" priority="0" xbrldt:closed="true" xbrldt:contextElement="scenario" xlink:arcrole="http://xbrl.org/int/dim/arcrole/all" xlink:from="DocumentEntityInformationHeading" xlink:to="DocumentEntityInformationTable" xlink:type="arc"/><loc xlink:href="http://www.xbrl.tdnet.info/taxonomy/jp/tse/tdnet/ed/t/2014-01-12/tse-ed-t-2014-01-12.xsd#tse-ed-t_DocumentEntityInformationLineItems" xlink:label="DocumentEntityInformationLineItems" xlink:type="locator"/><definitionArc order="2.0" priority="0" xlink:arcrole="http://xbrl.org/int/dim/arcrole/domain-member" xlink:from="DocumentEntityInformationHeading" xlink:to="DocumentEntityInformationLineItems" xlink:type="arc"/><loc xlink:href="http://www.xbrl.tdnet.info/taxonomy/jp/tse/tdnet/ed/t/2014-01-12/tse-ed-t-2014-01-12.xsd#tse-ed-t_FASFMemberMark" xlink:label="FASFMemberMark" xlink:type="locator"/><definitionArc order="1.0" priority="0" xlink:arcrole="http://xbrl.org/int/dim/arcrole/domain-member" xlink:from="DocumentEntityInformationLineItems" xlink:to="FASFMemberMark" xlink:type="arc"/><loc xlink:href="http://www.xbrl.tdnet.info/taxonomy/jp/tse/tdnet/ed/t/2014-01-12/tse-ed-t-2014-01-12.xsd#tse-ed-t_DocumentName" xlink:label="DocumentName" xlink:type="locator"/><definitionArc order="2.0" priority="0" xlink:arcrole="http://xbrl.org/int/dim/arcrole/domain-member" xlink:from="DocumentEntityInformationLineItems" xlink:to="DocumentName" xlink:type="arc"/><loc xlink:href="http://www.xbrl.tdnet.info/taxonomy/jp/tse/tdnet/ed/t/2014-01-12/tse-ed-t-2014-01-12.xsd#tse-ed-t_CompanyName" xlink:label="CompanyName" xlink:type="locator"/><definitionArc order="4.0" priority="0" xlink:arcrole="http://xbrl.org/int/dim/arcrole/domain-member" xlink:from="DocumentEntityInformationLineItems" xlink:to="CompanyName" xlink:type="arc"/><loc xlink:href="http://www.xbrl.tdnet.info/taxonomy/jp/tse/tdnet/ed/t/2014-01-12/tse-ed-t-2014-01-12.xsd#tse-ed-t_StockExchangeListingsAbstract" xlink:label="StockExchangeListingsAbstract" xlink:type="locator"/><definitionArc order="6.0" priority="0" xlink:arcrole="http://xbrl.org/int/dim/arcrole/domain-member" xlink:from="DocumentEntityInformationLineItems" xlink:to="StockExchangeListingsAbstract" xlink:type="arc"/><loc xlink:href="http://www.xbrl.tdnet.info/taxonomy/jp/tse/tdnet/ed/t/2014-01-12/tse-ed-t-2014-01-12.xsd#tse-ed-t_TokyoStockExchange" xlink:label="TokyoStockExchange" xlink:type="locator"/><definitionArc order="1.0" priority="0" xlink:arcrole="http://xbrl.org/int/dim/arcrole/domain-member" xlink:from="StockExchangeListingsAbstract" xlink:to="TokyoStockExchange" xlink:type="arc"/><loc xlink:href="http://www.xbrl.tdnet.info/taxonomy/jp/tse/tdnet/ed/t/2014-01-12/tse-ed-t-2014-01-12.xsd#tse-ed-t_TokyoStockExchange1stSection" xlink:label="TokyoStockExchange1stSection" xlink:type="locator"/><definitionArc order="1.0" priority="0" xlink:arcrole="http://xbrl.org/int/dim/arcrole/domain-member" xlink:from="TokyoStockExchange" xlink:to="TokyoStockExchange1stSection" xlink:type="arc"/><loc xlink:href="http://www.xbrl.tdnet.info/taxonomy/jp/tse/tdnet/ed/t/2014-01-12/tse-ed-t-2014-01-12.xsd#tse-ed-t_TokyoStockExchange2ndSection" xlink:label="TokyoStockExchange2ndSection" xlink:type="locator"/><definitionArc order="2.0" priority="0" xlink:arcrole="http://xbrl.org/int/dim/arcrole/domain-member" xlink:from="TokyoStockExchange" xlink:to="TokyoStockExchange2ndSection" xlink:type="arc"/><loc xlink:href="http://www.xbrl.tdnet.info/taxonomy/jp/tse/tdnet/ed/t/2014-01-12/tse-ed-t-2014-01-12.xsd#tse-ed-t_TokyoStockExchangeMothers" xlink:label="TokyoStockExchangeMothers" xlink:type="locator"/><definitionArc order="3.0" priority="0" xlink:arcrole="http://xbrl.org/int/dim/arcrole/domain-member" xlink:from="TokyoStockExchange" xlink:to="TokyoStockExchangeMothers" xlink:type="arc"/><loc xlink:href="http://www.xbrl.tdnet.info/taxonomy/jp/tse/tdnet/ed/t/2014-01-12/tse-ed-t-2014-01-12.xsd#tse-ed-t_TokyoStockExchangeOthers" xlink:label="TokyoStockExchangeOthers" xlink:type="locator"/><definitionArc order="6.0" priority="0" xlink:arcrole="http://xbrl.org/int/dim/arcrole/domain-member" xlink:from="TokyoStockExchange" xlink:to="TokyoStockExchangeOthers" xlink:type="arc"/><loc xlink:href="http://www.xbrl.tdnet.info/taxonomy/jp/tse/tdnet/ed/t/2014-01-12/tse-ed-t-2014-01-12.xsd#tse-ed-t_TokyoStockExchangeJASDAQ" xlink:label="TokyoStockExchangeJASDAQ" xlink:type="locator"/><definitionArc order="4.0" priority="0" xlink:arcrole="http://xbrl.org/int/dim/arcrole/domain-member" xlink:from="TokyoStockExchange" xlink:to="TokyoStockExchangeJASDAQ" xlink:type="arc"/><loc xlink:href="http://www.xbrl.tdnet.info/taxonomy/jp/tse/tdnet/ed/t/2014-01-12/tse-ed-t-2014-01-12.xsd#tse-ed-t_TokyoStockExchangePROMarket" xlink:label="TokyoStockExchangePROMarket" xlink:type="locator"/><definitionArc order="5.0" priority="0" xlink:arcrole="http://xbrl.org/int/dim/arcrole/domain-member" xlink:from="TokyoStockExchange" xlink:to="TokyoStockExchangePROMarket" xlink:type="arc"/><loc xlink:href="http://www.xbrl.tdnet.info/taxonomy/jp/tse/tdnet/ed/t/2014-01-12/tse-ed-t-2014-01-12.xsd#tse-ed-t_NagoyaStockExchange" xlink:label="NagoyaStockExchange" xlink:type="locator"/><definitionArc order="2.0" priority="0" xlink:arcrole="http://xbrl.org/int/dim/arcrole/domain-member" xlink:from="StockExchangeListingsAbstract" xlink:to="NagoyaStockExchange" xlink:type="arc"/><loc xlink:href="http://www.xbrl.tdnet.info/taxonomy/jp/tse/tdnet/ed/t/2014-01-12/tse-ed-t-2014-01-12.xsd#tse-ed-t_NagoyaStockExchange1stSection" xlink:label="NagoyaStockExchange1stSection" xlink:type="locator"/><definitionArc order="1.0" priority="0" xlink:arcrole="http://xbrl.org/int/dim/arcrole/domain-member" xlink:from="NagoyaStockExchange" xlink:to="NagoyaStockExchange1stSection" xlink:type="arc"/><loc xlink:href="http://www.xbrl.tdnet.info/taxonomy/jp/tse/tdnet/ed/t/2014-01-12/tse-ed-t-2014-01-12.xsd#tse-ed-t_NagoyaStockExchange2ndSection" xlink:label="NagoyaStockExchange2ndSection" xlink:type="locator"/><definitionArc order="2.0" priority="0" xlink:arcrole="http://xbrl.org/int/dim/arcrole/domain-member" xlink:from="NagoyaStockExchange" xlink:to="NagoyaStockExchange2ndSection" xlink:type="arc"/><loc xlink:href="http://www.xbrl.tdnet.info/taxonomy/jp/tse/tdnet/ed/t/2014-01-12/tse-ed-t-2014-01-12.xsd#tse-ed-t_NagoyaStockExchangeCentrex" xlink:label="NagoyaStockExchangeCentrex" xlink:type="locator"/><definitionArc order="3.0" priority="0" xlink:arcrole="http://xbrl.org/int/dim/arcrole/domain-member" xlink:from="NagoyaStockExchange" xlink:to="NagoyaStockExchangeCentrex" xlink:type="arc"/><loc xlink:href="http://www.xbrl.tdnet.info/taxonomy/jp/tse/tdnet/ed/t/2014-01-12/tse-ed-t-2014-01-12.xsd#tse-ed-t_NagoyaStockExchangeOthers" xlink:label="NagoyaStockExchangeOthers" xlink:type="locator"/><definitionArc order="4.0" priority="0" xlink:arcrole="http://xbrl.org/int/dim/arcrole/domain-member" xlink:from="NagoyaStockExchange" xlink:to="NagoyaStockExchangeOthers" xlink:type="arc"/><loc xlink:href="http://www.xbrl.tdnet.info/taxonomy/jp/tse/tdnet/ed/t/2014-01-12/tse-ed-t-2014-01-12.xsd#tse-ed-t_SapporoStockExchange" xlink:label="SapporoStockExchange" xlink:type="locator"/><definitionArc order="3.0" priority="0" xlink:arcrole="http://xbrl.org/int/dim/arcrole/domain-member" xlink:from="StockExchangeListingsAbstract" xlink:to="SapporoStockExchange" xlink:type="arc"/><loc xlink:href="http://www.xbrl.tdnet.info/taxonomy/jp/tse/tdnet/ed/t/2014-01-12/tse-ed-t-2014-01-12.xsd#tse-ed-t_SapporoStockExchangeEstablished" xlink:label="SapporoStockExchangeEstablished" xlink:type="locator"/><definitionArc order="1.0" priority="0" xlink:arcrole="http://xbrl.org/int/dim/arcrole/domain-member" xlink:from="SapporoStockExchange" xlink:to="SapporoStockExchangeEstablished" xlink:type="arc"/><loc xlink:href="http://www.xbrl.tdnet.info/taxonomy/jp/tse/tdnet/ed/t/2014-01-12/tse-ed-t-2014-01-12.xsd#tse-ed-t_SapporoStockExchangeAmbitious" xlink:label="SapporoStockExchangeAmbitious" xlink:type="locator"/><definitionArc order="2.0" priority="0" xlink:arcrole="http://xbrl.org/int/dim/arcrole/domain-member" xlink:from="SapporoStockExchange" xlink:to="SapporoStockExchangeAmbitious" xlink:type="arc"/><loc xlink:href="http://www.xbrl.tdnet.info/taxonomy/jp/tse/tdnet/ed/t/2014-01-12/tse-ed-t-2014-01-12.xsd#tse-ed-t_SapporoStockExchangeOthers" xlink:label="SapporoStockExchangeOthers" xlink:type="locator"/><definitionArc order="3.0" priority="0" xlink:arcrole="http://xbrl.org/int/dim/arcrole/domain-member" xlink:from="SapporoStockExchange" xlink:to="SapporoStockExchangeOthers" xlink:type="arc"/><loc xlink:href="http://www.xbrl.tdnet.info/taxonomy/jp/tse/tdnet/ed/t/2014-01-12/tse-ed-t-2014-01-12.xsd#tse-ed-t_FukuokaStockExchange" xlink:label="FukuokaStockExchange" xlink:type="locator"/><definitionArc order="4.0" priority="0" xlink:arcrole="http://xbrl.org/int/dim/arcrole/domain-member" xlink:from="StockExchangeListingsAbstract" xlink:to="FukuokaStockExchange" xlink:type="arc"/><loc xlink:href="http://www.xbrl.tdnet.info/taxonomy/jp/tse/tdnet/ed/t/2014-01-12/tse-ed-t-2014-01-12.xsd#tse-ed-t_FukuokaStockExchangeEstablished" xlink:label="FukuokaStockExchangeEstablished" xlink:type="locator"/><definitionArc order="1.0" priority="0" xlink:arcrole="http://xbrl.org/int/dim/arcrole/domain-member" xlink:from="FukuokaStockExchange" xlink:to="FukuokaStockExchangeEstablished" xlink:type="arc"/><loc xlink:href="http://www.xbrl.tdnet.info/taxonomy/jp/tse/tdnet/ed/t/2014-01-12/tse-ed-t-2014-01-12.xsd#tse-ed-t_FukuokaStockExchangeQBoard" xlink:label="FukuokaStockExchangeQBoard" xlink:type="locator"/><definitionArc order="2.0" priority="0" xlink:arcrole="http://xbrl.org/int/dim/arcrole/domain-member" xlink:from="FukuokaStockExchange" xlink:to="FukuokaStockExchangeQBoard" xlink:type="arc"/><loc xlink:href="http://www.xbrl.tdnet.info/taxonomy/jp/tse/tdnet/ed/t/2014-01-12/tse-ed-t-2014-01-12.xsd#tse-ed-t_FukuokaStockExchangeOthers" xlink:label="FukuokaStockExchangeOthers" xlink:type="locator"/><definitionArc order="3.0" priority="0" xlink:arcrole="http://xbrl.org/int/dim/arcrole/domain-member" xlink:from="FukuokaStockExchange" xlink:to="FukuokaStockExchangeOthers" xlink:type="arc"/><loc xlink:href="http://www.xbrl.tdnet.info/taxonomy/jp/tse/tdnet/ed/t/2014-01-12/tse-ed-t-2014-01-12.xsd#tse-ed-t_JapanSecuritiesDealersAssociation" xlink:label="JapanSecuritiesDealersAssociation" xlink:type="locator"/><definitionArc order="5.0" priority="0" xlink:arcrole="http://xbrl.org/int/dim/arcrole/domain-member" xlink:from="StockExchangeListingsAbstract" xlink:to="JapanSecuritiesDealersAssociation" xlink:type="arc"/><loc xlink:href="http://www.xbrl.tdnet.info/taxonomy/jp/tse/tdnet/ed/t/2014-01-12/tse-ed-t-2014-01-12.xsd#tse-ed-t_JapanSecuritiesDealersAssociationGreenSheet" xlink:label="JapanSecuritiesDealersAssociationGreenSheet" xlink:type="locator"/><definitionArc order="1.0" priority="0" xlink:arcrole="http://xbrl.org/int/dim/arcrole/domain-member" xlink:from="JapanSecuritiesDealersAssociation" xlink:to="JapanSecuritiesDealersAssociationGreenSheet" xlink:type="arc"/><loc xlink:href="http://www.xbrl.tdnet.info/taxonomy/jp/tse/tdnet/ed/t/2014-01-12/tse-ed-t-2014-01-12.xsd#tse-ed-t_SecuritiesCode" xlink:label="SecuritiesCode" xlink:type="locator"/><definitionArc order="7.0" priority="0" xlink:arcrole="http://xbrl.org/int/dim/arcrole/domain-member" xlink:from="DocumentEntityInformationLineItems" xlink:to="SecuritiesCode" xlink:type="arc"/><loc xlink:href="http://www.xbrl.tdnet.info/taxonomy/jp/tse/tdnet/ed/t/2014-01-12/tse-ed-t-2014-01-12.xsd#tse-ed-t_BusinessCategoryAbstract" xlink:label="BusinessCategoryAbstract" xlink:type="locator"/><definitionArc order="8.0" priority="0" xlink:arcrole="http://xbrl.org/int/dim/arcrole/domain-member" xlink:from="DocumentEntityInformationLineItems" xlink:to="BusinessCategoryAbstract" xlink:type="arc"/><loc xlink:href="http://www.xbrl.tdnet.info/taxonomy/jp/tse/tdnet/ed/t/2014-01-12/tse-ed-t-2014-01-12.xsd#tse-ed-t_GeneralBusiness" xlink:label="GeneralBusiness" xlink:type="locator"/><definitionArc order="1.0" priority="0" xlink:arcrole="http://xbrl.org/int/dim/arcrole/domain-member" xlink:from="BusinessCategoryAbstract" xlink:to="GeneralBusiness" xlink:type="arc"/><loc xlink:href="http://www.xbrl.tdnet.info/taxonomy/jp/tse/tdnet/ed/t/2014-01-12/tse-ed-t-2014-01-12.xsd#tse-ed-t_SpecificBusiness" xlink:label="SpecificBusiness" xlink:type="locator"/><definitionArc order="2.0" priority="0" xlink:arcrole="http://xbrl.org/int/dim/arcrole/domain-member" xlink:from="BusinessCategoryAbstract" xlink:to="SpecificBusiness" xlink:type="arc"/><loc xlink:href="http://www.xbrl.tdnet.info/taxonomy/jp/tse/tdnet/ed/t/2014-01-12/tse-ed-t-2014-01-12.xsd#tse-ed-t_FiscalYearEnd" xlink:label="FiscalYearEnd" xlink:type="locator"/><definitionArc order="9.0" priority="0" xlink:arcrole="http://xbrl.org/int/dim/arcrole/domain-member" xlink:from="DocumentEntityInformationLineItems" xlink:to="FiscalYearEnd" xlink:type="arc"/><loc xlink:href="http://www.xbrl.tdnet.info/taxonomy/jp/tse/tdnet/ed/t/2014-01-12/tse-ed-t-2014-01-12.xsd#tse-ed-t_RepresentativeAbstract" xlink:label="RepresentativeAbstract" xlink:type="locator"/><definitionArc order="5.0" priority="0" xlink:arcrole="http://xbrl.org/int/dim/arcrole/domain-member" xlink:from="DocumentEntityInformationLineItems" xlink:to="RepresentativeAbstract" xlink:type="arc"/><loc xlink:href="http://www.xbrl.tdnet.info/taxonomy/jp/tse/tdnet/ed/t/2014-01-12/tse-ed-t-2014-01-12.xsd#tse-ed-t_TitleRepresentative" xlink:label="TitleRepresentative" xlink:type="locator"/><definitionArc order="1.0" priority="0" xlink:arcrole="http://xbrl.org/int/dim/arcrole/domain-member" xlink:from="RepresentativeAbstract" xlink:to="TitleRepresentative" xlink:type="arc"/><loc xlink:href="http://www.xbrl.tdnet.info/taxonomy/jp/tse/tdnet/ed/t/2014-01-12/tse-ed-t-2014-01-12.xsd#tse-ed-t_NameRepresentative" xlink:label="NameRepresentative" xlink:type="locator"/><definitionArc order="2.0" priority="0" xlink:arcrole="http://xbrl.org/int/dim/arcrole/domain-member" xlink:from="RepresentativeAbstract" xlink:to="NameRepresentative" xlink:type="arc"/><loc xlink:href="http://www.xbrl.tdnet.info/taxonomy/jp/tse/tdnet/ed/t/2014-01-12/tse-ed-t-2014-01-12.xsd#tse-ed-t_InquiriesAbstract" xlink:label="InquiriesAbstract" xlink:type="locator"/><definitionArc order="10.0" priority="0" xlink:arcrole="http://xbrl.org/int/dim/arcrole/domain-member" xlink:from="DocumentEntityInformationLineItems" xlink:to="InquiriesAbstract" xlink:type="arc"/><loc xlink:href="http://www.xbrl.tdnet.info/taxonomy/jp/tse/tdnet/ed/t/2014-01-12/tse-ed-t-2014-01-12.xsd#tse-ed-t_TitleInquiries" xlink:label="TitleInquiries" xlink:type="locator"/><definitionArc order="1.0" priority="0" xlink:arcrole="http://xbrl.org/int/dim/arcrole/domain-member" xlink:from="InquiriesAbstract" xlink:to="TitleInquiries" xlink:type="arc"/><loc xlink:href="http://www.xbrl.tdnet.info/taxonomy/jp/tse/tdnet/ed/t/2014-01-12/tse-ed-t-2014-01-12.xsd#tse-ed-t_NameInquiries" xlink:label="NameInquiries" xlink:type="locator"/><definitionArc order="2.0" priority="0" xlink:arcrole="http://xbrl.org/int/dim/arcrole/domain-member" xlink:from="InquiriesAbstract" xlink:to="NameInquiries" xlink:type="arc"/><loc xlink:href="http://www.xbrl.tdnet.info/taxonomy/jp/tse/tdnet/ed/t/2014-01-12/tse-ed-t-2014-01-12.xsd#tse-ed-t_Tel" xlink:label="Tel" xlink:type="locator"/><definitionArc order="11.0" priority="0" xlink:arcrole="http://xbrl.org/int/dim/arcrole/domain-member" xlink:from="DocumentEntityInformationLineItems" xlink:to="Tel" xlink:type="arc"/><loc xlink:href="http://www.xbrl.tdnet.info/taxonomy/jp/tse/tdnet/ed/t/2014-01-12/tse-ed-t-2014-01-12.xsd#tse-ed-t_NoticeOfForecastCorrection" xlink:label="NoticeOfForecastCorrection" xlink:type="locator"/><definitionArc order="12.0" priority="0" xlink:arcrole="http://xbrl.org/int/dim/arcrole/domain-member" xlink:from="DocumentEntityInformationLineItems" xlink:to="NoticeOfForecastCorrection" xlink:type="arc"/><loc xlink:href="http://www.xbrl.tdnet.info/taxonomy/jp/tse/tdnet/ed/t/2014-01-12/tse-ed-t-2014-01-12.xsd#tse-ed-t_ReportingDateOfFinancialForecastCorrection" xlink:label="ReportingDateOfFinancialForecastCorrection" xlink:type="locator"/><definitionArc order="3.0" priority="0" xlink:arcrole="http://xbrl.org/int/dim/arcrole/domain-member" xlink:from="DocumentEntityInformationLineItems" xlink:to="ReportingDateOfFinancialForecastCorrection" xlink:type="arc"/></definitionLink><definitionLink xlink:role="http://www.xbrl.tdnet.info/jp/tse/tdnet/role/RoleNoteFinancialForecastCorrection" xlink:type="extended"><loc xlink:href="http://www.xbrl.tdnet.info/taxonomy/jp/tse/tdnet/ed/t/2014-01-12/tse-ed-t-2014-01-12.xsd#tse-ed-t_NoteFinancialForecastCorrectionHeading" xlink:label="NoteFinancialForecastCorrectionHeading" xlink:type="locator"/><loc xlink:href="http://www.xbrl.tdnet.info/taxonomy/jp/tse/tdnet/ed/t/2014-01-12/tse-ed-t-2014-01-12.xsd#tse-ed-t_NoteFinancialForecastCorrectionTable" xlink:label="NoteFinancialForecastCorrectionTable" xlink:type="locator"/><definitionArc order="1.0" priority="0" xbrldt:closed="true" xbrldt:contextElement="scenario" xlink:arcrole="http://xbrl.org/int/dim/arcrole/all" xlink:from="NoteFinancialForecastCorrectionHeading" xlink:to="NoteFinancialForecastCorrectionTable" xlink:type="arc"/><loc xlink:href="http://www.xbrl.tdnet.info/taxonomy/jp/tse/tdnet/ed/t/2014-01-12/tse-ed-t-2014-01-12.xsd#tse-ed-t_NoteFinancialForecastCorrectionLineItems" xlink:label="NoteFinancialForecastCorrectionLineItems" xlink:type="locator"/><definitionArc order="2.0" priority="0" xlink:arcrole="http://xbrl.org/int/dim/arcrole/domain-member" xlink:from="NoteFinancialForecastCorrectionHeading" xlink:to="NoteFinancialForecastCorrectionLineItems" xlink:type="arc"/><loc xlink:href="http://www.xbrl.tdnet.info/taxonomy/jp/tse/tdnet/ed/t/2014-01-12/tse-ed-t-2014-01-12.xsd#tse-ed-t_NoteAndReasonForCorrectionAbstract" xlink:label="NoteAndReasonForCorrectionAbstract" xlink:type="locator"/><definitionArc order="1.0" priority="0" xlink:arcrole="http://xbrl.org/int/dim/arcrole/domain-member" xlink:from="NoteFinancialForecastCorrectionLineItems" xlink:to="NoteAndReasonForCorrectionAbstract" xlink:type="arc"/><loc xlink:href="http://www.xbrl.tdnet.info/taxonomy/jp/tse/tdnet/ed/t/2014-01-12/tse-ed-t-2014-01-12.xsd#tse-ed-t_NoteToFinancialForecastAbstract" xlink:label="NoteToFinancialForecastAbstract" xlink:type="locator"/><definitionArc order="1.0" priority="0" xlink:arcrole="http://xbrl.org/int/dim/arcrole/domain-member" xlink:from="NoteAndReasonForCorrectionAbstract" xlink:to="NoteToFinancialForecastAbstract" xlink:type="arc"/><loc xlink:href="http://www.xbrl.tdnet.info/taxonomy/jp/tse/tdnet/ed/t/2014-01-12/tse-ed-t-2014-01-12.xsd#tse-ed-t_NoteToFinancialForecast" xlink:label="NoteToFinancialForecast" xlink:type="locator"/><definitionArc order="1.0" priority="0" xlink:arcrole="http://xbrl.org/int/dim/arcrole/domain-member" xlink:from="NoteToFinancialForecastAbstract" xlink:to="NoteToFinancialForecast" xlink:type="arc"/><loc xlink:href="http://www.xbrl.tdnet.info/taxonomy/jp/tse/tdnet/ed/t/2014-01-12/tse-ed-t-2014-01-12.xsd#tse-ed-t_ReasonForForecastCorrectionAbstract" xlink:label="ReasonForForecastCorrectionAbstract" xlink:type="locator"/><definitionArc order="2.0" priority="0" xlink:arcrole="http://xbrl.org/int/dim/arcrole/domain-member" xlink:from="NoteAndReasonForCorrectionAbstract" xlink:to="ReasonForForecastCorrectionAbstract" xlink:type="arc"/><loc xlink:href="http://www.xbrl.tdnet.info/taxonomy/jp/tse/tdnet/ed/t/2014-01-12/tse-ed-t-2014-01-12.xsd#tse-ed-t_ReasonForForecastCorrection" xlink:label="ReasonForForecastCorrection" xlink:type="locator"/><definitionArc order="1.0" priority="0" xlink:arcrole="http://xbrl.org/int/dim/arcrole/domain-member" xlink:from="ReasonForForecastCorrectionAbstract" xlink:to="ReasonForForecastCorrection" xlink:type="arc"/></definitionLink><definitionLink xlink:role="http://www.xbrl.tdnet.info/jp/tse/tdnet/role/RoleConsolidatedInformationQ2YTD" xlink:type="extended"><loc xlink:href="http://www.xbrl.tdnet.info/taxonomy/jp/tse/tdnet/ed/t/2014-01-12/tse-ed-t-2014-01-12.xsd#tse-ed-t_ConsolidatedInformationQ2YTDHeading" xlink:label="A166144c071d_0" xlink:type="locator"/><loc xlink:href="http://www.xbrl.tdnet.info/taxonomy/jp/tse/tdnet/ed/t/2014-01-12/tse-ed-t-2014-01-12.xsd#tse-ed-t_ConsolidatedInformationQ2YTDTable" xlink:label="A166144c071d_1" xlink:type="locator"/><definitionArc order="1.0" priority="0" xbrldt:closed="true" xbrldt:contextElement="scenario" xlink:arcrole="http://xbrl.org/int/dim/arcrole/all" xlink:from="A166144c071d_0" xlink:to="A166144c071d_1" xlink:type="arc"/><loc xlink:href="http://www.xbrl.tdnet.info/taxonomy/jp/tse/tdnet/ed/t/2014-01-12/tse-ed-t-2014-01-12.xsd#tse-ed-t_ConsolidatedNonconsolidatedAxis" xlink:label="A166144c071d_2" xlink:type="locator"/><definitionArc order="1.0" priority="0" xlink:arcrole="http://xbrl.org/int/dim/arcrole/hypercube-dimension" xlink:from="A166144c071d_1" xlink:to="A166144c071d_2" xlink:type="arc"/><loc xlink:href="http://www.xbrl.tdnet.info/taxonomy/jp/tse/tdnet/ed/t/2014-01-12/tse-ed-t-2014-01-12.xsd#tse-ed-t_ConsolidatedMember" xlink:label="A166144c071d_3" xlink:type="locator"/><definitionArc order="1.0" priority="0" xlink:arcrole="http://xbrl.org/int/dim/arcrole/dimension-domain" xlink:from="A166144c071d_2" xlink:to="A166144c071d_3" xlink:type="arc"/><loc xlink:href="http://www.xbrl.tdnet.info/taxonomy/jp/tse/tdnet/ed/t/2014-01-12/tse-ed-t-2014-01-12.xsd#tse-ed-t_ResultForecastAxis" xlink:label="A166144c071d_4" xlink:type="locator"/><definitionArc order="2.0" priority="0" xlink:arcrole="http://xbrl.org/int/dim/arcrole/hypercube-dimension" xlink:from="A166144c071d_1" xlink:to="A166144c071d_4" xlink:type="arc"/><loc xlink:href="http://www.xbrl.tdnet.info/taxonomy/jp/tse/tdnet/ed/t/2014-01-12/tse-ed-t-2014-01-12.xsd#tse-ed-t_ResultMember" xlink:label="A166144c071d_5" xlink:type="locator"/><definitionArc order="1.0" priority="0" xlink:arcrole="http://xbrl.org/int/dim/arcrole/dimension-domain" xlink:from="A166144c071d_4" xlink:to="A166144c071d_5" xlink:type="arc"/><loc xlink:href="http://www.xbrl.tdnet.info/taxonomy/jp/tse/tdnet/ed/t/2014-01-12/tse-ed-t-2014-01-12.xsd#tse-ed-t_ForecastMember" xlink:label="A166144c071d_6" xlink:type="locator"/><definitionArc order="2.0" priority="0" xlink:arcrole="http://xbrl.org/int/dim/arcrole/dimension-domain" xlink:from="A166144c071d_4" xlink:to="A166144c071d_6" xlink:type="arc"/><loc xlink:href="http://www.xbrl.tdnet.info/taxonomy/jp/tse/tdnet/ed/t/2014-01-12/tse-ed-t-2014-01-12.xsd#tse-ed-t_UpperMember" xlink:label="A166144c071d_7" xlink:type="locator"/><definitionArc order="3.0" priority="0" xlink:arcrole="http://xbrl.org/int/dim/arcrole/dimension-domain" xlink:from="A166144c071d_4" xlink:to="A166144c071d_7" xlink:type="arc"/><loc xlink:href="http://www.xbrl.tdnet.info/taxonomy/jp/tse/tdnet/ed/t/2014-01-12/tse-ed-t-2014-01-12.xsd#tse-ed-t_LowerMember" xlink:label="A166144c071d_8" xlink:type="locator"/><definitionArc order="4.0" priority="0" xlink:arcrole="http://xbrl.org/int/dim/arcrole/dimension-domain" xlink:from="A166144c071d_4" xlink:to="A166144c071d_8" xlink:type="arc"/><loc xlink:href="http://www.xbrl.tdnet.info/taxonomy/jp/tse/tdnet/ed/t/2014-01-12/tse-ed-t-2014-01-12.xsd#tse-ed-t_PreviousCurrentAxis" xlink:label="A166144c071d_9" xlink:type="locator"/><definitionArc order="3.0" priority="0" xlink:arcrole="http://xbrl.org/int/dim/arcrole/hypercube-dimension" xlink:from="A166144c071d_1" xlink:to="A166144c071d_9" xlink:type="arc"/><loc xlink:href="http://www.xbrl.tdnet.info/taxonomy/jp/tse/tdnet/ed/t/2014-01-12/tse-ed-t-2014-01-12.xsd#tse-ed-t_PreviousMember" xlink:label="A166144c071d_a" xlink:type="locator"/><definitionArc order="1.0" priority="0" xlink:arcrole="http://xbrl.org/int/dim/arcrole/dimension-domain" xlink:from="A166144c071d_9" xlink:to="A166144c071d_a" xlink:type="arc"/><loc xlink:href="http://www.xbrl.tdnet.info/taxonomy/jp/tse/tdnet/ed/t/2014-01-12/tse-ed-t-2014-01-12.xsd#tse-ed-t_CurrentMember" xlink:label="A166144c071d_b" xlink:type="locator"/><definitionArc order="2.0" priority="0" xlink:arcrole="http://xbrl.org/int/dim/arcrole/dimension-domain" xlink:from="A166144c071d_9" xlink:to="A166144c071d_b" xlink:type="arc"/><loc xlink:href="http://www.xbrl.tdnet.info/taxonomy/jp/tse/tdnet/ed/t/2014-01-12/tse-ed-t-2014-01-12.xsd#tse-ed-t_ConsolidatedInformationQ2YTDLineItems" xlink:label="A166144c071e_0" xlink:type="locator"/><definitionArc order="2.0" priority="0" xlink:arcrole="http://xbrl.org/int/dim/arcrole/domain-member" xlink:from="A166144c071d_0" xlink:to="A166144c071e_0" xlink:type="arc"/><loc xlink:href="http://www.xbrl.tdnet.info/taxonomy/jp/tse/tdnet/ed/t/2014-01-12/tse-ed-t-2014-01-12.xsd#tse-ed-t_FinancialForecastCorrectionAbstract" xlink:label="A166144c071e_1" xlink:type="locator"/><definitionArc order="1.0" priority="0" xlink:arcrole="http://xbrl.org/int/dim/arcrole/domain-member" xlink:from="A166144c071e_0" xlink:to="A166144c071e_1" xlink:type="arc"/><loc xlink:href="http://www.xbrl.tdnet.info/taxonomy/jp/tse/tdnet/ed/t/2014-01-12/tse-ed-t-2014-01-12.xsd#tse-ed-t_ForecastCorrectionOfQuarterlyConsolidatedFinancialResults6MonthsYTDAbstract" xlink:label="A166144c071e_2" xlink:type="locator"/><definitionArc order="1.0" priority="0" xlink:arcrole="http://xbrl.org/int/dim/arcrole/domain-member" xlink:from="A166144c071e_1" xlink:to="A166144c071e_2" xlink:type="arc"/><loc xlink:href="http://www.xbrl.tdnet.info/taxonomy/jp/tse/tdnet/ed/t/2014-01-12/tse-ed-t-2014-01-12.xsd#tse-ed-t_PreambleToConsolidatedForecastsAbstract" xlink:label="A166144e6c5a_0" xlink:type="locator"/><definitionArc order="1.0" priority="0" xlink:arcrole="http://xbrl.org/int/dim/arcrole/domain-member" xlink:from="A166144c071e_2" xlink:to="A166144e6c5a_0" xlink:type="arc"/><loc xlink:href="http://www.xbrl.tdnet.info/taxonomy/jp/tse/tdnet/ed/t/2014-01-12/tse-ed-t-2014-01-12.xsd#tse-ed-t_PreambleToForecasts" xlink:label="A166144e6c5a_1" xlink:type="locator"/><definitionArc order="1.0" priority="0" xlink:arcrole="http://xbrl.org/int/dim/arcrole/domain-member" xlink:from="A166144e6c5a_0" xlink:to="A166144e6c5a_1" xlink:type="arc"/><loc xlink:href="http://www.xbrl.tdnet.info/taxonomy/jp/tse/tdnet/ed/t/2014-01-12/tse-ed-t-2014-01-12.xsd#tse-ed-t_MainTableOfConsolidatedForecastsAbstract" xlink:label="A166144e6c5a_2" xlink:type="locator"/><definitionArc order="2.0" priority="0" xlink:arcrole="http://xbrl.org/int/dim/arcrole/domain-member" xlink:from="A166144c071e_2" xlink:to="A166144e6c5a_2" xlink:type="arc"/><loc xlink:href="http://www.xbrl.tdnet.info/taxonomy/jp/tse/tdnet/ed/t/2014-01-12/tse-ed-t-2014-01-12.xsd#tse-ed-t_NetSalesCorrectionAbstract" xlink:label="A1666ba1885c_0" xlink:type="locator"/><definitionArc order="1.0" priority="0" xlink:arcrole="http://xbrl.org/int/dim/arcrole/domain-member" xlink:from="A166144e6c5a_2" xlink:to="A1666ba1885c_0" xlink:type="arc"/><loc xlink:href="http://www.xbrl.tdnet.info/taxonomy/jp/tse/tdnet/ed/t/2014-01-12/tse-ed-t-2014-01-12.xsd#tse-ed-t_NetSales" xlink:label="A1666ba1885c_1" xlink:type="locator"/><definitionArc order="1.0" priority="0" xlink:arcrole="http://xbrl.org/int/dim/arcrole/domain-member" xlink:from="A1666ba1885c_0" xlink:to="A1666ba1885c_1" xlink:type="arc"/><loc xlink:href="http://www.xbrl.tdnet.info/taxonomy/jp/tse/tdnet/ed/t/2014-01-12/tse-ed-t-2014-01-12.xsd#tse-ed-t_AmountChangeNetSales" xlink:label="A1666ba1885c_2" xlink:type="locator"/><definitionArc order="2.0" priority="0" xlink:arcrole="http://xbrl.org/int/dim/arcrole/domain-member" xlink:from="A1666ba1885c_0" xlink:to="A1666ba1885c_2" xlink:type="arc"/><loc xlink:href="http://www.xbrl.tdnet.info/taxonomy/jp/tse/tdnet/ed/t/2014-01-12/tse-ed-t-2014-01-12.xsd#tse-ed-t_ChangeInNetSales" xlink:label="A1666ba1885c_3" xlink:type="locator"/><definitionArc order="3.0" priority="0" xlink:arcrole="http://xbrl.org/int/dim/arcrole/domain-member" xlink:from="A1666ba1885c_0" xlink:to="A1666ba1885c_3" xlink:type="arc"/><loc xlink:href="http://www.xbrl.tdnet.info/taxonomy/jp/tse/tdnet/ed/t/2014-01-12/tse-ed-t-2014-01-12.xsd#tse-ed-t_OperatingIncomeCorrectionAbstract" xlink:label="A1666ba1885d_0" xlink:type="locator"/><definitionArc order="2.0" priority="0" xlink:arcrole="http://xbrl.org/int/dim/arcrole/domain-member" xlink:from="A166144e6c5a_2" xlink:to="A1666ba1885d_0" xlink:type="arc"/><loc xlink:href="http://www.xbrl.tdnet.info/taxonomy/jp/tse/tdnet/ed/t/2014-01-12/tse-ed-t-2014-01-12.xsd#tse-ed-t_OperatingIncome" xlink:label="A1666ba1885d_1" xlink:type="locator"/><definitionArc order="1.0" priority="0" xlink:arcrole="http://xbrl.org/int/dim/arcrole/domain-member" xlink:from="A1666ba1885d_0" xlink:to="A1666ba1885d_1" xlink:type="arc"/><loc xlink:href="http://www.xbrl.tdnet.info/taxonomy/jp/tse/tdnet/ed/t/2014-01-12/tse-ed-t-2014-01-12.xsd#tse-ed-t_AmountChangeOperatingIncome" xlink:label="A1666ba1885d_2" xlink:type="locator"/><definitionArc order="2.0" priority="0" xlink:arcrole="http://xbrl.org/int/dim/arcrole/domain-member" xlink:from="A1666ba1885d_0" xlink:to="A1666ba1885d_2" xlink:type="arc"/><loc xlink:href="http://www.xbrl.tdnet.info/taxonomy/jp/tse/tdnet/ed/t/2014-01-12/tse-ed-t-2014-01-12.xsd#tse-ed-t_ChangeInOperatingIncome" xlink:label="A1666ba1885d_3" xlink:type="locator"/><definitionArc order="3.0" priority="0" xlink:arcrole="http://xbrl.org/int/dim/arcrole/domain-member" xlink:from="A1666ba1885d_0" xlink:to="A1666ba1885d_3" xlink:type="arc"/><loc xlink:href="http://www.xbrl.tdnet.info/taxonomy/jp/tse/tdnet/ed/t/2014-01-12/tse-ed-t-2014-01-12.xsd#tse-ed-t_OrdinaryIncomeCorrectionAbstract" xlink:label="A1666ba1885d_4" xlink:type="locator"/><definitionArc order="3.0" priority="0" xlink:arcrole="http://xbrl.org/int/dim/arcrole/domain-member" xlink:from="A166144e6c5a_2" xlink:to="A1666ba1885d_4" xlink:type="arc"/><loc xlink:href="http://www.xbrl.tdnet.info/taxonomy/jp/tse/tdnet/ed/t/2014-01-12/tse-ed-t-2014-01-12.xsd#tse-ed-t_OrdinaryIncome" xlink:label="A1666ba1885d_5" xlink:type="locator"/><definitionArc order="1.0" priority="0" xlink:arcrole="http://xbrl.org/int/dim/arcrole/domain-member" xlink:from="A1666ba1885d_4" xlink:to="A1666ba1885d_5" xlink:type="arc"/><loc xlink:href="http://www.xbrl.tdnet.info/taxonomy/jp/tse/tdnet/ed/t/2014-01-12/tse-ed-t-2014-01-12.xsd#tse-ed-t_AmountChangeOrdinaryIncome" xlink:label="A1666ba1885d_6" xlink:type="locator"/><definitionArc order="2.0" priority="0" xlink:arcrole="http://xbrl.org/int/dim/arcrole/domain-member" xlink:from="A1666ba1885d_4" xlink:to="A1666ba1885d_6" xlink:type="arc"/><loc xlink:href="http://www.xbrl.tdnet.info/taxonomy/jp/tse/tdnet/ed/t/2014-01-12/tse-ed-t-2014-01-12.xsd#tse-ed-t_ChangeInOrdinaryIncome" xlink:label="A1666ba1885d_7" xlink:type="locator"/><definitionArc order="3.0" priority="0" xlink:arcrole="http://xbrl.org/int/dim/arcrole/domain-member" xlink:from="A1666ba1885d_4" xlink:to="A1666ba1885d_7" xlink:type="arc"/><loc xlink:href="http://www.xbrl.tdnet.info/taxonomy/jp/tse/tdnet/ed/t/2014-01-12/tse-ed-t-2014-01-12.xsd#tse-ed-t_ProfitAttributableToOwnersOfParentCorrectionAbstract" xlink:label="A1666ba1885d_8" xlink:type="locator"/><definitionArc order="4.0" priority="0" xlink:arcrole="http://xbrl.org/int/dim/arcrole/domain-member" xlink:from="A166144e6c5a_2" xlink:to="A1666ba1885d_8" xlink:type="arc"/><loc xlink:href="http://www.xbrl.tdnet.info/taxonomy/jp/tse/tdnet/ed/t/2014-01-12/tse-ed-t-2014-01-12.xsd#tse-ed-t_ProfitAttributableToOwnersOfParent" xlink:label="A1666ba1885d_9" xlink:type="locator"/><definitionArc order="1.0" priority="0" xlink:arcrole="http://xbrl.org/int/dim/arcrole/domain-member" xlink:from="A1666ba1885d_8" xlink:to="A1666ba1885d_9" xlink:type="arc"/><loc xlink:href="http://www.xbrl.tdnet.info/taxonomy/jp/tse/tdnet/ed/t/2014-01-12/tse-ed-t-2014-01-12.xsd#tse-ed-t_AmountChangeProfitAttributableToOwnersOfParent" xlink:label="A1666ba1885d_a" xlink:type="locator"/><definitionArc order="2.0" priority="0" xlink:arcrole="http://xbrl.org/int/dim/arcrole/domain-member" xlink:from="A1666ba1885d_8" xlink:to="A1666ba1885d_a" xlink:type="arc"/><loc xlink:href="http://www.xbrl.tdnet.info/taxonomy/jp/tse/tdnet/ed/t/2014-01-12/tse-ed-t-2014-01-12.xsd#tse-ed-t_ChangeInProfitAttributableToOwnersOfParent" xlink:label="A1666ba1885d_b" xlink:type="locator"/><definitionArc order="3.0" priority="0" xlink:arcrole="http://xbrl.org/int/dim/arcrole/domain-member" xlink:from="A1666ba1885d_8" xlink:to="A1666ba1885d_b" xlink:type="arc"/><loc xlink:href="http://www.xbrl.tdnet.info/taxonomy/jp/tse/tdnet/ed/t/2014-01-12/tse-ed-t-2014-01-12.xsd#tse-ed-t_NetIncomePerShareCorrectionAbstract" xlink:label="A1666ba1885e_0" xlink:type="locator"/><definitionArc order="5.0" priority="0" xlink:arcrole="http://xbrl.org/int/dim/arcrole/domain-member" xlink:from="A166144e6c5a_2" xlink:to="A1666ba1885e_0" xlink:type="arc"/><loc xlink:href="http://www.xbrl.tdnet.info/taxonomy/jp/tse/tdnet/ed/t/2014-01-12/tse-ed-t-2014-01-12.xsd#tse-ed-t_NetIncomePerShare" xlink:label="A1666ba1885e_1" xlink:type="locator"/><definitionArc order="1.0" priority="0" xlink:arcrole="http://xbrl.org/int/dim/arcrole/domain-member" xlink:from="A1666ba1885e_0" xlink:to="A1666ba1885e_1" xlink:type="arc"/></definitionLink><definitionLink xlink:role="http://www.xbrl.tdnet.info/jp/tse/tdnet/role/RoleNonConsolidatedInformationQ2YTD" xlink:type="extended"><loc xlink:href="http://www.xbrl.tdnet.info/taxonomy/jp/tse/tdnet/ed/t/2014-01-12/tse-ed-t-2014-01-12.xsd#tse-ed-t_ConsolidatedNonconsolidatedAxis" xlink:label="A166144c3b8d_2" xlink:type="locator"/><loc xlink:href="http://www.xbrl.tdnet.info/taxonomy/jp/tse/tdnet/ed/t/2014-01-12/tse-ed-t-2014-01-12.xsd#tse-ed-t_NonConsolidatedMember" xlink:label="A166144c3b8d_3" xlink:type="locator"/><definitionArc order="1.0" priority="0" xlink:arcrole="http://xbrl.org/int/dim/arcrole/dimension-domain" xlink:from="A166144c3b8d_2" xlink:to="A166144c3b8d_3" xlink:type="arc"/><loc xlink:href="http://www.xbrl.tdnet.info/taxonomy/jp/tse/tdnet/ed/t/2014-01-12/tse-ed-t-2014-01-12.xsd#tse-ed-t_ResultForecastAxis" xlink:label="A166144c3b8d_4" xlink:type="locator"/><loc xlink:href="http://www.xbrl.tdnet.info/taxonomy/jp/tse/tdnet/ed/t/2014-01-12/tse-ed-t-2014-01-12.xsd#tse-ed-t_ResultMember" xlink:label="A166144c3b8d_5" xlink:type="locator"/><definitionArc order="1.0" priority="0" xlink:arcrole="http://xbrl.org/int/dim/arcrole/dimension-domain" xlink:from="A166144c3b8d_4" xlink:to="A166144c3b8d_5" xlink:type="arc"/><loc xlink:href="http://www.xbrl.tdnet.info/taxonomy/jp/tse/tdnet/ed/t/2014-01-12/tse-ed-t-2014-01-12.xsd#tse-ed-t_ForecastMember" xlink:label="A166144c3b8d_6" xlink:type="locator"/><definitionArc order="2.0" priority="0" xlink:arcrole="http://xbrl.org/int/dim/arcrole/dimension-domain" xlink:from="A166144c3b8d_4" xlink:to="A166144c3b8d_6" xlink:type="arc"/><loc xlink:href="http://www.xbrl.tdnet.info/taxonomy/jp/tse/tdnet/ed/t/2014-01-12/tse-ed-t-2014-01-12.xsd#tse-ed-t_UpperMember" xlink:label="A166144c3b8d_7" xlink:type="locator"/><definitionArc order="3.0" priority="0" xlink:arcrole="http://xbrl.org/int/dim/arcrole/dimension-domain" xlink:from="A166144c3b8d_4" xlink:to="A166144c3b8d_7" xlink:type="arc"/><loc xlink:href="http://www.xbrl.tdnet.info/taxonomy/jp/tse/tdnet/ed/t/2014-01-12/tse-ed-t-2014-01-12.xsd#tse-ed-t_LowerMember" xlink:label="A166144c3b8d_8" xlink:type="locator"/><definitionArc order="4.0" priority="0" xlink:arcrole="http://xbrl.org/int/dim/arcrole/dimension-domain" xlink:from="A166144c3b8d_4" xlink:to="A166144c3b8d_8" xlink:type="arc"/><loc xlink:href="http://www.xbrl.tdnet.info/taxonomy/jp/tse/tdnet/ed/t/2014-01-12/tse-ed-t-2014-01-12.xsd#tse-ed-t_PreviousCurrentAxis" xlink:label="A166144c3b8d_9" xlink:type="locator"/><loc xlink:href="http://www.xbrl.tdnet.info/taxonomy/jp/tse/tdnet/ed/t/2014-01-12/tse-ed-t-2014-01-12.xsd#tse-ed-t_PreviousMember" xlink:label="A166144c3b8d_a" xlink:type="locator"/><definitionArc order="1.0" priority="0" xlink:arcrole="http://xbrl.org/int/dim/arcrole/dimension-domain" xlink:from="A166144c3b8d_9" xlink:to="A166144c3b8d_a" xlink:type="arc"/><loc xlink:href="http://www.xbrl.tdnet.info/taxonomy/jp/tse/tdnet/ed/t/2014-01-12/tse-ed-t-2014-01-12.xsd#tse-ed-t_CurrentMember" xlink:label="A166144c3b8d_b" xlink:type="locator"/><definitionArc order="2.0" priority="0" xlink:arcrole="http://xbrl.org/int/dim/arcrole/dimension-domain" xlink:from="A166144c3b8d_9" xlink:to="A166144c3b8d_b" xlink:type="arc"/><loc xlink:href="http://www.xbrl.tdnet.info/taxonomy/jp/tse/tdnet/ed/t/2014-01-12/tse-ed-t-2014-01-12.xsd#tse-ed-t_NetSalesCorrectionAbstract" xlink:label="A166144e4c1f_3" xlink:type="locator"/><loc xlink:href="http://www.xbrl.tdnet.info/taxonomy/jp/tse/tdnet/ed/t/2014-01-12/tse-ed-t-2014-01-12.xsd#tse-ed-t_NetSales" xlink:label="A166144e4c1f_4" xlink:type="locator"/><definitionArc order="1.0" priority="0" xlink:arcrole="http://xbrl.org/int/dim/arcrole/domain-member" xlink:from="A166144e4c1f_3" xlink:to="A166144e4c1f_4" xlink:type="arc"/><loc xlink:href="http://www.xbrl.tdnet.info/taxonomy/jp/tse/tdnet/ed/t/2014-01-12/tse-ed-t-2014-01-12.xsd#tse-ed-t_AmountChangeNetSales" xlink:label="A166144e4c1f_5" xlink:type="locator"/><definitionArc order="2.0" priority="0" xlink:arcrole="http://xbrl.org/int/dim/arcrole/domain-member" xlink:from="A166144e4c1f_3" xlink:to="A166144e4c1f_5" xlink:type="arc"/><loc xlink:href="http://www.xbrl.tdnet.info/taxonomy/jp/tse/tdnet/ed/t/2014-01-12/tse-ed-t-2014-01-12.xsd#tse-ed-t_ChangeInNetSales" xlink:label="A166144e4c1f_6" xlink:type="locator"/><definitionArc order="3.0" priority="0" xlink:arcrole="http://xbrl.org/int/dim/arcrole/domain-member" xlink:from="A166144e4c1f_3" xlink:to="A166144e4c1f_6" xlink:type="arc"/><loc xlink:href="http://www.xbrl.tdnet.info/taxonomy/jp/tse/tdnet/ed/t/2014-01-12/tse-ed-t-2014-01-12.xsd#tse-ed-t_OrdinaryIncomeCorrectionAbstract" xlink:label="A166144e4c1f_7" xlink:type="locator"/><loc xlink:href="http://www.xbrl.tdnet.info/taxonomy/jp/tse/tdnet/ed/t/2014-01-12/tse-ed-t-2014-01-12.xsd#tse-ed-t_OrdinaryIncome" xlink:label="A166144e4c1f_8" xlink:type="locator"/><definitionArc order="1.0" priority="0" xlink:arcrole="http://xbrl.org/int/dim/arcrole/domain-member" xlink:from="A166144e4c1f_7" xlink:to="A166144e4c1f_8" xlink:type="arc"/><loc xlink:href="http://www.xbrl.tdnet.info/taxonomy/jp/tse/tdnet/ed/t/2014-01-12/tse-ed-t-2014-01-12.xsd#tse-ed-t_AmountChangeOrdinaryIncome" xlink:label="A166144e4c1f_9" xlink:type="locator"/><definitionArc order="2.0" priority="0" xlink:arcrole="http://xbrl.org/int/dim/arcrole/domain-member" xlink:from="A166144e4c1f_7" xlink:to="A166144e4c1f_9" xlink:type="arc"/><loc xlink:href="http://www.xbrl.tdnet.info/taxonomy/jp/tse/tdnet/ed/t/2014-01-12/tse-ed-t-2014-01-12.xsd#tse-ed-t_ChangeInOrdinaryIncome" xlink:label="A166144e4c1f_a" xlink:type="locator"/><definitionArc order="3.0" priority="0" xlink:arcrole="http://xbrl.org/int/dim/arcrole/domain-member" xlink:from="A166144e4c1f_7" xlink:to="A166144e4c1f_a" xlink:type="arc"/><loc xlink:href="http://www.xbrl.tdnet.info/taxonomy/jp/tse/tdnet/ed/t/2014-01-12/tse-ed-t-2014-01-12.xsd#tse-ed-t_NetIncomePerShareCorrectionAbstract" xlink:label="A166144e4c1f_f" xlink:type="locator"/><loc xlink:href="http://www.xbrl.tdnet.info/taxonomy/jp/tse/tdnet/ed/t/2014-01-12/tse-ed-t-2014-01-12.xsd#tse-ed-t_NetIncomePerShare" xlink:label="A166144e4c1f_10" xlink:type="locator"/><definitionArc order="1.0" priority="0" xlink:arcrole="http://xbrl.org/int/dim/arcrole/domain-member" xlink:from="A166144e4c1f_f" xlink:to="A166144e4c1f_10" xlink:type="arc"/><loc xlink:href="http://www.xbrl.tdnet.info/taxonomy/jp/tse/tdnet/ed/t/2014-01-12/tse-ed-t-2014-01-12.xsd#tse-ed-t_FinancialForecastCorrectionAbstract" xlink:label="A166144c3b8d_d" xlink:type="locator"/><loc xlink:href="http://www.xbrl.tdnet.info/taxonomy/jp/tse/tdnet/ed/t/2014-01-12/tse-ed-t-2014-01-12.xsd#tse-ed-t_ForecastCorrectionOfQuarterlyNonConsolidatedFinancialResults6MonthsYTDAbstract" xlink:label="A166144c3b8d_e" xlink:type="locator"/><definitionArc order="1.0" priority="0" xlink:arcrole="http://xbrl.org/int/dim/arcrole/domain-member" xlink:from="A166144c3b8d_d" xlink:to="A166144c3b8d_e" xlink:type="arc"/><loc xlink:href="http://www.xbrl.tdnet.info/taxonomy/jp/tse/tdnet/ed/t/2014-01-12/tse-ed-t-2014-01-12.xsd#tse-ed-t_PreambleToNonConsolidatedForecastsAbstract" xlink:label="A166144e4c1f_0" xlink:type="locator"/><definitionArc order="1.0" priority="0" xlink:arcrole="http://xbrl.org/int/dim/arcrole/domain-member" xlink:from="A166144c3b8d_e" xlink:to="A166144e4c1f_0" xlink:type="arc"/><loc xlink:href="http://www.xbrl.tdnet.info/taxonomy/jp/tse/tdnet/ed/t/2014-01-12/tse-ed-t-2014-01-12.xsd#tse-ed-t_PreambleToForecasts" xlink:label="A166144e4c1f_1" xlink:type="locator"/><definitionArc order="1.0" priority="0" xlink:arcrole="http://xbrl.org/int/dim/arcrole/domain-member" xlink:from="A166144e4c1f_0" xlink:to="A166144e4c1f_1" xlink:type="arc"/><loc xlink:href="http://www.xbrl.tdnet.info/taxonomy/jp/tse/tdnet/ed/t/2014-01-12/tse-ed-t-2014-01-12.xsd#tse-ed-t_MainTableOfNonConsolidatedForecastsAbstract" xlink:label="A166144e4c1f_2" xlink:type="locator"/><definitionArc order="2.0" priority="0" xlink:arcrole="http://xbrl.org/int/dim/arcrole/domain-member" xlink:from="A166144c3b8d_e" xlink:to="A166144e4c1f_2" xlink:type="arc"/><definitionArc order="1.0" priority="0" xlink:arcrole="http://xbrl.org/int/dim/arcrole/domain-member" xlink:from="A166144e4c1f_2" xlink:to="A166144e4c1f_3" xlink:type="arc"/><definitionArc order="2.0" priority="0" xlink:arcrole="http://xbrl.org/int/dim/arcrole/domain-member" xlink:from="A166144e4c1f_2" xlink:to="A166144e4c1f_7" xlink:type="arc"/><loc xlink:href="http://www.xbrl.tdnet.info/taxonomy/jp/tse/tdnet/ed/t/2014-01-12/tse-ed-t-2014-01-12.xsd#tse-ed-t_NetIncomeCorrectionAbstract" xlink:label="A166144e4c1f_b" xlink:type="locator"/><definitionArc order="3.0" priority="0" xlink:arcrole="http://xbrl.org/int/dim/arcrole/domain-member" xlink:from="A166144e4c1f_2" xlink:to="A166144e4c1f_b" xlink:type="arc"/><loc xlink:href="http://www.xbrl.tdnet.info/taxonomy/jp/tse/tdnet/ed/t/2014-01-12/tse-ed-t-2014-01-12.xsd#tse-ed-t_NetIncome" xlink:label="A166144e4c1f_c" xlink:type="locator"/><definitionArc order="1.0" priority="0" xlink:arcrole="http://xbrl.org/int/dim/arcrole/domain-member" xlink:from="A166144e4c1f_b" xlink:to="A166144e4c1f_c" xlink:type="arc"/><loc xlink:href="http://www.xbrl.tdnet.info/taxonomy/jp/tse/tdnet/ed/t/2014-01-12/tse-ed-t-2014-01-12.xsd#tse-ed-t_AmountChangeNetIncome" xlink:label="A166144e4c1f_d" xlink:type="locator"/><definitionArc order="2.0" priority="0" xlink:arcrole="http://xbrl.org/int/dim/arcrole/domain-member" xlink:from="A166144e4c1f_b" xlink:to="A166144e4c1f_d" xlink:type="arc"/><loc xlink:href="http://www.xbrl.tdnet.info/taxonomy/jp/tse/tdnet/ed/t/2014-01-12/tse-ed-t-2014-01-12.xsd#tse-ed-t_ChangeInNetIncome" xlink:label="A166144e4c1f_e" xlink:type="locator"/><definitionArc order="3.0" priority="0" xlink:arcrole="http://xbrl.org/int/dim/arcrole/domain-member" xlink:from="A166144e4c1f_b" xlink:to="A166144e4c1f_e" xlink:type="arc"/><definitionArc order="4.0" priority="0" xlink:arcrole="http://xbrl.org/int/dim/arcrole/domain-member" xlink:from="A166144e4c1f_2" xlink:to="A166144e4c1f_f" xlink:type="arc"/><loc xlink:href="http://www.xbrl.tdnet.info/taxonomy/jp/tse/tdnet/ed/t/2014-01-12/tse-ed-t-2014-01-12.xsd#tse-ed-t_NonConsolidatedInformationQ2YTDHeading" xlink:label="A166144c3b8d_0" xlink:type="locator"/><loc xlink:href="http://www.xbrl.tdnet.info/taxonomy/jp/tse/tdnet/ed/t/2014-01-12/tse-ed-t-2014-01-12.xsd#tse-ed-t_NonConsolidatedInformationQ2YTDTable" xlink:label="A166144c3b8d_1" xlink:type="locator"/><definitionArc order="1.0" priority="0" xbrldt:closed="true" xbrldt:contextElement="scenario" xlink:arcrole="http://xbrl.org/int/dim/arcrole/all" xlink:from="A166144c3b8d_0" xlink:to="A166144c3b8d_1" xlink:type="arc"/><definitionArc order="1.0" priority="0" xlink:arcrole="http://xbrl.org/int/dim/arcrole/hypercube-dimension" xlink:from="A166144c3b8d_1" xlink:to="A166144c3b8d_2" xlink:type="arc"/><definitionArc order="2.0" priority="0" xlink:arcrole="http://xbrl.org/int/dim/arcrole/hypercube-dimension" xlink:from="A166144c3b8d_1" xlink:to="A166144c3b8d_4" xlink:type="arc"/><definitionArc order="3.0" priority="0" xlink:arcrole="http://xbrl.org/int/dim/arcrole/hypercube-dimension" xlink:from="A166144c3b8d_1" xlink:to="A166144c3b8d_9" xlink:type="arc"/><loc xlink:href="http://www.xbrl.tdnet.info/taxonomy/jp/tse/tdnet/ed/t/2014-01-12/tse-ed-t-2014-01-12.xsd#tse-ed-t_NonConsolidatedInformationQ2YTDLineItems" xlink:label="A166144c3b8d_c" xlink:type="locator"/><definitionArc order="2.0" priority="0" xlink:arcrole="http://xbrl.org/int/dim/arcrole/domain-member" xlink:from="A166144c3b8d_0" xlink:to="A166144c3b8d_c" xlink:type="arc"/><definitionArc order="1.0" priority="0" xlink:arcrole="http://xbrl.org/int/dim/arcrole/domain-member" xlink:from="A166144c3b8d_c" xlink:to="A166144c3b8d_d" xlink:type="arc"/></definitionLink><definitionLink xlink:role="http://www.xbrl.tdnet.info/jp/tse/tdnet/role/RoleNonConsolidatedInformationAnnual" xlink:type="extended"><loc xlink:href="http://www.xbrl.tdnet.info/taxonomy/jp/tse/tdnet/ed/t/2014-01-12/tse-ed-t-2014-01-12.xsd#tse-ed-t_ConsolidatedNonconsolidatedAxis" xlink:label="A174dcbdd5e1_2" xlink:type="locator"/><loc xlink:href="http://www.xbrl.tdnet.info/taxonomy/jp/tse/tdnet/ed/t/2014-01-12/tse-ed-t-2014-01-12.xsd#tse-ed-t_NonConsolidatedMember" xlink:label="A174dcbdd5e1_3" xlink:type="locator"/><definitionArc order="1.0" priority="0" xlink:arcrole="http://xbrl.org/int/dim/arcrole/dimension-domain" xlink:from="A174dcbdd5e1_2" xlink:to="A174dcbdd5e1_3" xlink:type="arc"/><loc xlink:href="http://www.xbrl.tdnet.info/taxonomy/jp/tse/tdnet/ed/t/2014-01-12/tse-ed-t-2014-01-12.xsd#tse-ed-t_ResultForecastAxis" xlink:label="A174dcbdd5e1_4" xlink:type="locator"/><loc xlink:href="http://www.xbrl.tdnet.info/taxonomy/jp/tse/tdnet/ed/t/2014-01-12/tse-ed-t-2014-01-12.xsd#tse-ed-t_ResultMember" xlink:label="A174dcbdd5e1_5" xlink:type="locator"/><definitionArc order="1.0" priority="0" xlink:arcrole="http://xbrl.org/int/dim/arcrole/dimension-domain" xlink:from="A174dcbdd5e1_4" xlink:to="A174dcbdd5e1_5" xlink:type="arc"/><loc xlink:href="http://www.xbrl.tdnet.info/taxonomy/jp/tse/tdnet/ed/t/2014-01-12/tse-ed-t-2014-01-12.xsd#tse-ed-t_ForecastMember" xlink:label="A174dcbdd5e1_6" xlink:type="locator"/><definitionArc order="2.0" priority="0" xlink:arcrole="http://xbrl.org/int/dim/arcrole/dimension-domain" xlink:from="A174dcbdd5e1_4" xlink:to="A174dcbdd5e1_6" xlink:type="arc"/><loc xlink:href="http://www.xbrl.tdnet.info/taxonomy/jp/tse/tdnet/ed/t/2014-01-12/tse-ed-t-2014-01-12.xsd#tse-ed-t_UpperMember" xlink:label="A174dcbdd5e1_7" xlink:type="locator"/><definitionArc order="3.0" priority="0" xlink:arcrole="http://xbrl.org/int/dim/arcrole/dimension-domain" xlink:from="A174dcbdd5e1_4" xlink:to="A174dcbdd5e1_7" xlink:type="arc"/><loc xlink:href="http://www.xbrl.tdnet.info/taxonomy/jp/tse/tdnet/ed/t/2014-01-12/tse-ed-t-2014-01-12.xsd#tse-ed-t_LowerMember" xlink:label="A174dcbdd5e1_8" xlink:type="locator"/><definitionArc order="4.0" priority="0" xlink:arcrole="http://xbrl.org/int/dim/arcrole/dimension-domain" xlink:from="A174dcbdd5e1_4" xlink:to="A174dcbdd5e1_8" xlink:type="arc"/><loc xlink:href="http://www.xbrl.tdnet.info/taxonomy/jp/tse/tdnet/ed/t/2014-01-12/tse-ed-t-2014-01-12.xsd#tse-ed-t_PreviousCurrentAxis" xlink:label="A174dcbdd5e1_9" xlink:type="locator"/><loc xlink:href="http://www.xbrl.tdnet.info/taxonomy/jp/tse/tdnet/ed/t/2014-01-12/tse-ed-t-2014-01-12.xsd#tse-ed-t_PreviousMember" xlink:label="A174dcbdd5e1_a" xlink:type="locator"/><definitionArc order="1.0" priority="0" xlink:arcrole="http://xbrl.org/int/dim/arcrole/dimension-domain" xlink:from="A174dcbdd5e1_9" xlink:to="A174dcbdd5e1_a" xlink:type="arc"/><loc xlink:href="http://www.xbrl.tdnet.info/taxonomy/jp/tse/tdnet/ed/t/2014-01-12/tse-ed-t-2014-01-12.xsd#tse-ed-t_CurrentMember" xlink:label="A174dcbdd5e1_b" xlink:type="locator"/><definitionArc order="2.0" priority="0" xlink:arcrole="http://xbrl.org/int/dim/arcrole/dimension-domain" xlink:from="A174dcbdd5e1_9" xlink:to="A174dcbdd5e1_b" xlink:type="arc"/><loc xlink:href="http://www.xbrl.tdnet.info/taxonomy/jp/tse/tdnet/ed/t/2014-01-12/tse-ed-t-2014-01-12.xsd#tse-ed-t_NetSalesCorrectionAbstract" xlink:label="A174dcbdd5e3_3" xlink:type="locator"/><loc xlink:href="http://www.xbrl.tdnet.info/taxonomy/jp/tse/tdnet/ed/t/2014-01-12/tse-ed-t-2014-01-12.xsd#tse-ed-t_NetSales" xlink:label="A174dcbdd5e3_4" xlink:type="locator"/><definitionArc order="1.0" priority="0" xlink:arcrole="http://xbrl.org/int/dim/arcrole/domain-member" xlink:from="A174dcbdd5e3_3" xlink:to="A174dcbdd5e3_4" xlink:type="arc"/><loc xlink:href="http://www.xbrl.tdnet.info/taxonomy/jp/tse/tdnet/ed/t/2014-01-12/tse-ed-t-2014-01-12.xsd#tse-ed-t_AmountChangeNetSales" xlink:label="A174dcbdd5e3_5" xlink:type="locator"/><definitionArc order="2.0" priority="0" xlink:arcrole="http://xbrl.org/int/dim/arcrole/domain-member" xlink:from="A174dcbdd5e3_3" xlink:to="A174dcbdd5e3_5" xlink:type="arc"/><loc xlink:href="http://www.xbrl.tdnet.info/taxonomy/jp/tse/tdnet/ed/t/2014-01-12/tse-ed-t-2014-01-12.xsd#tse-ed-t_ChangeInNetSales" xlink:label="A174dcbdd5e3_6" xlink:type="locator"/><definitionArc order="3.0" priority="0" xlink:arcrole="http://xbrl.org/int/dim/arcrole/domain-member" xlink:from="A174dcbdd5e3_3" xlink:to="A174dcbdd5e3_6" xlink:type="arc"/><loc xlink:href="http://www.xbrl.tdnet.info/taxonomy/jp/tse/tdnet/ed/t/2014-01-12/tse-ed-t-2014-01-12.xsd#tse-ed-t_OrdinaryIncomeCorrectionAbstract" xlink:label="A174dcbdd5e3_7" xlink:type="locator"/><loc xlink:href="http://www.xbrl.tdnet.info/taxonomy/jp/tse/tdnet/ed/t/2014-01-12/tse-ed-t-2014-01-12.xsd#tse-ed-t_OrdinaryIncome" xlink:label="A174dcbdd5e3_8" xlink:type="locator"/><definitionArc order="1.0" priority="0" xlink:arcrole="http://xbrl.org/int/dim/arcrole/domain-member" xlink:from="A174dcbdd5e3_7" xlink:to="A174dcbdd5e3_8" xlink:type="arc"/><loc xlink:href="http://www.xbrl.tdnet.info/taxonomy/jp/tse/tdnet/ed/t/2014-01-12/tse-ed-t-2014-01-12.xsd#tse-ed-t_AmountChangeOrdinaryIncome" xlink:label="A174dcbdd5e3_9" xlink:type="locator"/><definitionArc order="2.0" priority="0" xlink:arcrole="http://xbrl.org/int/dim/arcrole/domain-member" xlink:from="A174dcbdd5e3_7" xlink:to="A174dcbdd5e3_9" xlink:type="arc"/><loc xlink:href="http://www.xbrl.tdnet.info/taxonomy/jp/tse/tdnet/ed/t/2014-01-12/tse-ed-t-2014-01-12.xsd#tse-ed-t_ChangeInOrdinaryIncome" xlink:label="A174dcbdd5e3_a" xlink:type="locator"/><definitionArc order="3.0" priority="0" xlink:arcrole="http://xbrl.org/int/dim/arcrole/domain-member" xlink:from="A174dcbdd5e3_7" xlink:to="A174dcbdd5e3_a" xlink:type="arc"/><loc xlink:href="http://www.xbrl.tdnet.info/taxonomy/jp/tse/tdnet/ed/t/2014-01-12/tse-ed-t-2014-01-12.xsd#tse-ed-t_NetIncomePerShareCorrectionAbstract" xlink:label="A174dcbdd5e3_f" xlink:type="locator"/><loc xlink:href="http://www.xbrl.tdnet.info/taxonomy/jp/tse/tdnet/ed/t/2014-01-12/tse-ed-t-2014-01-12.xsd#tse-ed-t_NetIncomePerShare" xlink:label="A174dcbdd5e3_10" xlink:type="locator"/><definitionArc order="1.0" priority="0" xlink:arcrole="http://xbrl.org/int/dim/arcrole/domain-member" xlink:from="A174dcbdd5e3_f" xlink:to="A174dcbdd5e3_10" xlink:type="arc"/><loc xlink:href="http://www.xbrl.tdnet.info/taxonomy/jp/tse/tdnet/ed/t/2014-01-12/tse-ed-t-2014-01-12.xsd#tse-ed-t_PreambleToNonConsolidatedForecastsAbstract" xlink:label="A174dcbdd5e3_0" xlink:type="locator"/><loc xlink:href="http://www.xbrl.tdnet.info/taxonomy/jp/tse/tdnet/ed/t/2014-01-12/tse-ed-t-2014-01-12.xsd#tse-ed-t_PreambleToForecasts" xlink:label="A174dcbdd5e3_1" xlink:type="locator"/><definitionArc order="1.0" priority="0" xlink:arcrole="http://xbrl.org/int/dim/arcrole/domain-member" xlink:from="A174dcbdd5e3_0" xlink:to="A174dcbdd5e3_1" xlink:type="arc"/><loc xlink:href="http://www.xbrl.tdnet.info/taxonomy/jp/tse/tdnet/ed/t/2014-01-12/tse-ed-t-2014-01-12.xsd#tse-ed-t_MainTableOfNonConsolidatedForecastsAbstract" xlink:label="A174dcbdd5e3_2" xlink:type="locator"/><definitionArc order="1.0" priority="0" xlink:arcrole="http://xbrl.org/int/dim/arcrole/domain-member" xlink:from="A174dcbdd5e3_2" xlink:to="A174dcbdd5e3_3" xlink:type="arc"/><definitionArc order="2.0" priority="0" xlink:arcrole="http://xbrl.org/int/dim/arcrole/domain-member" xlink:from="A174dcbdd5e3_2" xlink:to="A174dcbdd5e3_7" xlink:type="arc"/><loc xlink:href="http://www.xbrl.tdnet.info/taxonomy/jp/tse/tdnet/ed/t/2014-01-12/tse-ed-t-2014-01-12.xsd#tse-ed-t_NetIncomeCorrectionAbstract" xlink:label="A174dcbdd5e3_b" xlink:type="locator"/><definitionArc order="3.0" priority="0" xlink:arcrole="http://xbrl.org/int/dim/arcrole/domain-member" xlink:from="A174dcbdd5e3_2" xlink:to="A174dcbdd5e3_b" xlink:type="arc"/><loc xlink:href="http://www.xbrl.tdnet.info/taxonomy/jp/tse/tdnet/ed/t/2014-01-12/tse-ed-t-2014-01-12.xsd#tse-ed-t_NetIncome" xlink:label="A174dcbdd5e3_c" xlink:type="locator"/><definitionArc order="1.0" priority="0" xlink:arcrole="http://xbrl.org/int/dim/arcrole/domain-member" xlink:from="A174dcbdd5e3_b" xlink:to="A174dcbdd5e3_c" xlink:type="arc"/><loc xlink:href="http://www.xbrl.tdnet.info/taxonomy/jp/tse/tdnet/ed/t/2014-01-12/tse-ed-t-2014-01-12.xsd#tse-ed-t_AmountChangeNetIncome" xlink:label="A174dcbdd5e3_d" xlink:type="locator"/><definitionArc order="2.0" priority="0" xlink:arcrole="http://xbrl.org/int/dim/arcrole/domain-member" xlink:from="A174dcbdd5e3_b" xlink:to="A174dcbdd5e3_d" xlink:type="arc"/><loc xlink:href="http://www.xbrl.tdnet.info/taxonomy/jp/tse/tdnet/ed/t/2014-01-12/tse-ed-t-2014-01-12.xsd#tse-ed-t_ChangeInNetIncome" xlink:label="A174dcbdd5e3_e" xlink:type="locator"/><definitionArc order="3.0" priority="0" xlink:arcrole="http://xbrl.org/int/dim/arcrole/domain-member" xlink:from="A174dcbdd5e3_b" xlink:to="A174dcbdd5e3_e" xlink:type="arc"/><definitionArc order="4.0" priority="0" xlink:arcrole="http://xbrl.org/int/dim/arcrole/domain-member" xlink:from="A174dcbdd5e3_2" xlink:to="A174dcbdd5e3_f" xlink:type="arc"/><loc xlink:href="http://www.xbrl.tdnet.info/taxonomy/jp/tse/tdnet/ed/t/2014-01-12/tse-ed-t-2014-01-12.xsd#tse-ed-t_FinancialForecastCorrectionAbstract" xlink:label="A174dcbdd5e2_1" xlink:type="locator"/><loc xlink:href="http://www.xbrl.tdnet.info/taxonomy/jp/tse/tdnet/ed/t/2014-01-12/tse-ed-t-2014-01-12.xsd#tse-ed-t_ForecastCorrectionOfAnnualNonConsolidatedFinancialResultsAbstract" xlink:label="A174dcbdd5e2_2" xlink:type="locator"/><definitionArc order="1.0" priority="0" xlink:arcrole="http://xbrl.org/int/dim/arcrole/domain-member" xlink:from="A174dcbdd5e2_1" xlink:to="A174dcbdd5e2_2" xlink:type="arc"/><definitionArc order="1.0" priority="0" xlink:arcrole="http://xbrl.org/int/dim/arcrole/domain-member" xlink:from="A174dcbdd5e2_2" xlink:to="A174dcbdd5e3_0" xlink:type="arc"/><definitionArc order="2.0" priority="0" xlink:arcrole="http://xbrl.org/int/dim/arcrole/domain-member" xlink:from="A174dcbdd5e2_2" xlink:to="A174dcbdd5e3_2" xlink:type="arc"/><loc xlink:href="http://www.xbrl.tdnet.info/taxonomy/jp/tse/tdnet/ed/t/2014-01-12/tse-ed-t-2014-01-12.xsd#tse-ed-t_NonConsolidatedInformationAnnualHeading" xlink:label="A174dcbdd5e1_0" xlink:type="locator"/><loc xlink:href="http://www.xbrl.tdnet.info/taxonomy/jp/tse/tdnet/ed/t/2014-01-12/tse-ed-t-2014-01-12.xsd#tse-ed-t_NonConsolidatedInformationAnnualTable" xlink:label="A174dcbdd5e1_1" xlink:type="locator"/><definitionArc order="1.0" priority="0" xbrldt:closed="true" xbrldt:contextElement="scenario" xlink:arcrole="http://xbrl.org/int/dim/arcrole/all" xlink:from="A174dcbdd5e1_0" xlink:to="A174dcbdd5e1_1" xlink:type="arc"/><definitionArc order="1.0" priority="0" xlink:arcrole="http://xbrl.org/int/dim/arcrole/hypercube-dimension" xlink:from="A174dcbdd5e1_1" xlink:to="A174dcbdd5e1_2" xlink:type="arc"/><definitionArc order="2.0" priority="0" xlink:arcrole="http://xbrl.org/int/dim/arcrole/hypercube-dimension" xlink:from="A174dcbdd5e1_1" xlink:to="A174dcbdd5e1_4" xlink:type="arc"/><definitionArc order="3.0" priority="0" xlink:arcrole="http://xbrl.org/int/dim/arcrole/hypercube-dimension" xlink:from="A174dcbdd5e1_1" xlink:to="A174dcbdd5e1_9" xlink:type="arc"/><loc xlink:href="http://www.xbrl.tdnet.info/taxonomy/jp/tse/tdnet/ed/t/2014-01-12/tse-ed-t-2014-01-12.xsd#tse-ed-t_NonConsolidatedInformationAnnualLineItems" xlink:label="A174dcbdd5e2_0" xlink:type="locator"/><definitionArc order="2.0" priority="0" xlink:arcrole="http://xbrl.org/int/dim/arcrole/domain-member" xlink:from="A174dcbdd5e1_0" xlink:to="A174dcbdd5e2_0" xlink:type="arc"/><definitionArc order="1.0" priority="0" xlink:arcrole="http://xbrl.org/int/dim/arcrole/domain-member" xlink:from="A174dcbdd5e2_0" xlink:to="A174dcbdd5e2_1" xlink:type="arc"/></definitionLink><definitionLink xlink:role="http://www.xbrl.tdnet.info/jp/tse/tdnet/role/RoleConsolidatedInformationAnnual" xlink:type="extended"><loc xlink:href="http://www.xbrl.tdnet.info/taxonomy/jp/tse/tdnet/ed/t/2014-01-12/tse-ed-t-2014-01-12.xsd#tse-ed-t_ConsolidatedNonconsolidatedAxis" xlink:label="A174dcbe106b_2" xlink:type="locator"/><loc xlink:href="http://www.xbrl.tdnet.info/taxonomy/jp/tse/tdnet/ed/t/2014-01-12/tse-ed-t-2014-01-12.xsd#tse-ed-t_ConsolidatedMember" xlink:label="A174dcbe106b_3" xlink:type="locator"/><definitionArc order="1.0" priority="0" xlink:arcrole="http://xbrl.org/int/dim/arcrole/dimension-domain" xlink:from="A174dcbe106b_2" xlink:to="A174dcbe106b_3" xlink:type="arc"/><loc xlink:href="http://www.xbrl.tdnet.info/taxonomy/jp/tse/tdnet/ed/t/2014-01-12/tse-ed-t-2014-01-12.xsd#tse-ed-t_ResultForecastAxis" xlink:label="A174dcbe106b_4" xlink:type="locator"/><loc xlink:href="http://www.xbrl.tdnet.info/taxonomy/jp/tse/tdnet/ed/t/2014-01-12/tse-ed-t-2014-01-12.xsd#tse-ed-t_ResultMember" xlink:label="A174dcbe106b_5" xlink:type="locator"/><definitionArc order="1.0" priority="0" xlink:arcrole="http://xbrl.org/int/dim/arcrole/dimension-domain" xlink:from="A174dcbe106b_4" xlink:to="A174dcbe106b_5" xlink:type="arc"/><loc xlink:href="http://www.xbrl.tdnet.info/taxonomy/jp/tse/tdnet/ed/t/2014-01-12/tse-ed-t-2014-01-12.xsd#tse-ed-t_ForecastMember" xlink:label="A174dcbe106b_6" xlink:type="locator"/><definitionArc order="2.0" priority="0" xlink:arcrole="http://xbrl.org/int/dim/arcrole/dimension-domain" xlink:from="A174dcbe106b_4" xlink:to="A174dcbe106b_6" xlink:type="arc"/><loc xlink:href="http://www.xbrl.tdnet.info/taxonomy/jp/tse/tdnet/ed/t/2014-01-12/tse-ed-t-2014-01-12.xsd#tse-ed-t_UpperMember" xlink:label="A174dcbe106b_7" xlink:type="locator"/><definitionArc order="3.0" priority="0" xlink:arcrole="http://xbrl.org/int/dim/arcrole/dimension-domain" xlink:from="A174dcbe106b_4" xlink:to="A174dcbe106b_7" xlink:type="arc"/><loc xlink:href="http://www.xbrl.tdnet.info/taxonomy/jp/tse/tdnet/ed/t/2014-01-12/tse-ed-t-2014-01-12.xsd#tse-ed-t_LowerMember" xlink:label="A174dcbe106b_8" xlink:type="locator"/><definitionArc order="4.0" priority="0" xlink:arcrole="http://xbrl.org/int/dim/arcrole/dimension-domain" xlink:from="A174dcbe106b_4" xlink:to="A174dcbe106b_8" xlink:type="arc"/><loc xlink:href="http://www.xbrl.tdnet.info/taxonomy/jp/tse/tdnet/ed/t/2014-01-12/tse-ed-t-2014-01-12.xsd#tse-ed-t_PreviousCurrentAxis" xlink:label="A174dcbe106b_9" xlink:type="locator"/><loc xlink:href="http://www.xbrl.tdnet.info/taxonomy/jp/tse/tdnet/ed/t/2014-01-12/tse-ed-t-2014-01-12.xsd#tse-ed-t_PreviousMember" xlink:label="A174dcbe106b_a" xlink:type="locator"/><definitionArc order="1.0" priority="0" xlink:arcrole="http://xbrl.org/int/dim/arcrole/dimension-domain" xlink:from="A174dcbe106b_9" xlink:to="A174dcbe106b_a" xlink:type="arc"/><loc xlink:href="http://www.xbrl.tdnet.info/taxonomy/jp/tse/tdnet/ed/t/2014-01-12/tse-ed-t-2014-01-12.xsd#tse-ed-t_CurrentMember" xlink:label="A174dcbe106b_b" xlink:type="locator"/><definitionArc order="2.0" priority="0" xlink:arcrole="http://xbrl.org/int/dim/arcrole/dimension-domain" xlink:from="A174dcbe106b_9" xlink:to="A174dcbe106b_b" xlink:type="arc"/><loc xlink:href="http://www.xbrl.tdnet.info/taxonomy/jp/tse/tdnet/ed/t/2014-01-12/tse-ed-t-2014-01-12.xsd#tse-ed-t_PreambleToConsolidatedForecastsAbstract" xlink:label="A174dcbe106c_16" xlink:type="locator"/><loc xlink:href="http://www.xbrl.tdnet.info/taxonomy/jp/tse/tdnet/ed/t/2014-01-12/tse-ed-t-2014-01-12.xsd#tse-ed-t_PreambleToForecasts" xlink:label="A174dcbe106c_17" xlink:type="locator"/><definitionArc order="1.0" priority="0" xlink:arcrole="http://xbrl.org/int/dim/arcrole/domain-member" xlink:from="A174dcbe106c_16" xlink:to="A174dcbe106c_17" xlink:type="arc"/><loc xlink:href="http://www.xbrl.tdnet.info/taxonomy/jp/tse/tdnet/ed/t/2014-01-12/tse-ed-t-2014-01-12.xsd#tse-ed-t_MainTableOfConsolidatedForecastsAbstract" xlink:label="A174dcbe106d_0" xlink:type="locator"/><loc xlink:href="http://www.xbrl.tdnet.info/taxonomy/jp/tse/tdnet/ed/t/2014-01-12/tse-ed-t-2014-01-12.xsd#tse-ed-t_NetSalesCorrectionAbstract" xlink:label="A1750c031461_0" xlink:type="locator"/><definitionArc order="1.0" priority="0" xlink:arcrole="http://xbrl.org/int/dim/arcrole/domain-member" xlink:from="A174dcbe106d_0" xlink:to="A1750c031461_0" xlink:type="arc"/><loc xlink:href="http://www.xbrl.tdnet.info/taxonomy/jp/tse/tdnet/ed/t/2014-01-12/tse-ed-t-2014-01-12.xsd#tse-ed-t_NetSales" xlink:label="A1750c031461_1" xlink:type="locator"/><definitionArc order="1.0" priority="0" xlink:arcrole="http://xbrl.org/int/dim/arcrole/domain-member" xlink:from="A1750c031461_0" xlink:to="A1750c031461_1" xlink:type="arc"/><loc xlink:href="http://www.xbrl.tdnet.info/taxonomy/jp/tse/tdnet/ed/t/2014-01-12/tse-ed-t-2014-01-12.xsd#tse-ed-t_AmountChangeNetSales" xlink:label="A1750c031461_2" xlink:type="locator"/><definitionArc order="2.0" priority="0" xlink:arcrole="http://xbrl.org/int/dim/arcrole/domain-member" xlink:from="A1750c031461_0" xlink:to="A1750c031461_2" xlink:type="arc"/><loc xlink:href="http://www.xbrl.tdnet.info/taxonomy/jp/tse/tdnet/ed/t/2014-01-12/tse-ed-t-2014-01-12.xsd#tse-ed-t_ChangeInNetSales" xlink:label="A1750c031461_3" xlink:type="locator"/><definitionArc order="3.0" priority="0" xlink:arcrole="http://xbrl.org/int/dim/arcrole/domain-member" xlink:from="A1750c031461_0" xlink:to="A1750c031461_3" xlink:type="arc"/><loc xlink:href="http://www.xbrl.tdnet.info/taxonomy/jp/tse/tdnet/ed/t/2014-01-12/tse-ed-t-2014-01-12.xsd#tse-ed-t_OperatingIncomeCorrectionAbstract" xlink:label="A1750c031462_0" xlink:type="locator"/><definitionArc order="2.0" priority="0" xlink:arcrole="http://xbrl.org/int/dim/arcrole/domain-member" xlink:from="A174dcbe106d_0" xlink:to="A1750c031462_0" xlink:type="arc"/><loc xlink:href="http://www.xbrl.tdnet.info/taxonomy/jp/tse/tdnet/ed/t/2014-01-12/tse-ed-t-2014-01-12.xsd#tse-ed-t_OperatingIncome" xlink:label="A1750c031462_1" xlink:type="locator"/><definitionArc order="1.0" priority="0" xlink:arcrole="http://xbrl.org/int/dim/arcrole/domain-member" xlink:from="A1750c031462_0" xlink:to="A1750c031462_1" xlink:type="arc"/><loc xlink:href="http://www.xbrl.tdnet.info/taxonomy/jp/tse/tdnet/ed/t/2014-01-12/tse-ed-t-2014-01-12.xsd#tse-ed-t_AmountChangeOperatingIncome" xlink:label="A1750c031462_2" xlink:type="locator"/><definitionArc order="2.0" priority="0" xlink:arcrole="http://xbrl.org/int/dim/arcrole/domain-member" xlink:from="A1750c031462_0" xlink:to="A1750c031462_2" xlink:type="arc"/><loc xlink:href="http://www.xbrl.tdnet.info/taxonomy/jp/tse/tdnet/ed/t/2014-01-12/tse-ed-t-2014-01-12.xsd#tse-ed-t_ChangeInOperatingIncome" xlink:label="A1750c031462_3" xlink:type="locator"/><definitionArc order="3.0" priority="0" xlink:arcrole="http://xbrl.org/int/dim/arcrole/domain-member" xlink:from="A1750c031462_0" xlink:to="A1750c031462_3" xlink:type="arc"/><loc xlink:href="http://www.xbrl.tdnet.info/taxonomy/jp/tse/tdnet/ed/t/2014-01-12/tse-ed-t-2014-01-12.xsd#tse-ed-t_OrdinaryIncomeCorrectionAbstract" xlink:label="A1750c031462_4" xlink:type="locator"/><definitionArc order="3.0" priority="0" xlink:arcrole="http://xbrl.org/int/dim/arcrole/domain-member" xlink:from="A174dcbe106d_0" xlink:to="A1750c031462_4" xlink:type="arc"/><loc xlink:href="http://www.xbrl.tdnet.info/taxonomy/jp/tse/tdnet/ed/t/2014-01-12/tse-ed-t-2014-01-12.xsd#tse-ed-t_OrdinaryIncome" xlink:label="A1750c031462_5" xlink:type="locator"/><definitionArc order="1.0" priority="0" xlink:arcrole="http://xbrl.org/int/dim/arcrole/domain-member" xlink:from="A1750c031462_4" xlink:to="A1750c031462_5" xlink:type="arc"/><loc xlink:href="http://www.xbrl.tdnet.info/taxonomy/jp/tse/tdnet/ed/t/2014-01-12/tse-ed-t-2014-01-12.xsd#tse-ed-t_AmountChangeOrdinaryIncome" xlink:label="A1750c031462_6" xlink:type="locator"/><definitionArc order="2.0" priority="0" xlink:arcrole="http://xbrl.org/int/dim/arcrole/domain-member" xlink:from="A1750c031462_4" xlink:to="A1750c031462_6" xlink:type="arc"/><loc xlink:href="http://www.xbrl.tdnet.info/taxonomy/jp/tse/tdnet/ed/t/2014-01-12/tse-ed-t-2014-01-12.xsd#tse-ed-t_ChangeInOrdinaryIncome" xlink:label="A1750c031462_7" xlink:type="locator"/><definitionArc order="3.0" priority="0" xlink:arcrole="http://xbrl.org/int/dim/arcrole/domain-member" xlink:from="A1750c031462_4" xlink:to="A1750c031462_7" xlink:type="arc"/><loc xlink:href="http://www.xbrl.tdnet.info/taxonomy/jp/tse/tdnet/ed/t/2014-01-12/tse-ed-t-2014-01-12.xsd#tse-ed-t_ProfitAttributableToOwnersOfParentCorrectionAbstract" xlink:label="A1750c031462_8" xlink:type="locator"/><definitionArc order="4.0" priority="0" xlink:arcrole="http://xbrl.org/int/dim/arcrole/domain-member" xlink:from="A174dcbe106d_0" xlink:to="A1750c031462_8" xlink:type="arc"/><loc xlink:href="http://www.xbrl.tdnet.info/taxonomy/jp/tse/tdnet/ed/t/2014-01-12/tse-ed-t-2014-01-12.xsd#tse-ed-t_ProfitAttributableToOwnersOfParent" xlink:label="A1750c031462_9" xlink:type="locator"/><definitionArc order="1.0" priority="0" xlink:arcrole="http://xbrl.org/int/dim/arcrole/domain-member" xlink:from="A1750c031462_8" xlink:to="A1750c031462_9" xlink:type="arc"/><loc xlink:href="http://www.xbrl.tdnet.info/taxonomy/jp/tse/tdnet/ed/t/2014-01-12/tse-ed-t-2014-01-12.xsd#tse-ed-t_AmountChangeProfitAttributableToOwnersOfParent" xlink:label="A1750c031462_a" xlink:type="locator"/><definitionArc order="2.0" priority="0" xlink:arcrole="http://xbrl.org/int/dim/arcrole/domain-member" xlink:from="A1750c031462_8" xlink:to="A1750c031462_a" xlink:type="arc"/><loc xlink:href="http://www.xbrl.tdnet.info/taxonomy/jp/tse/tdnet/ed/t/2014-01-12/tse-ed-t-2014-01-12.xsd#tse-ed-t_ChangeInProfitAttributableToOwnersOfParent" xlink:label="A1750c031462_b" xlink:type="locator"/><definitionArc order="3.0" priority="0" xlink:arcrole="http://xbrl.org/int/dim/arcrole/domain-member" xlink:from="A1750c031462_8" xlink:to="A1750c031462_b" xlink:type="arc"/><loc xlink:href="http://www.xbrl.tdnet.info/taxonomy/jp/tse/tdnet/ed/t/2014-01-12/tse-ed-t-2014-01-12.xsd#tse-ed-t_NetIncomePerShareCorrectionAbstract" xlink:label="A1750c031463_0" xlink:type="locator"/><definitionArc order="5.0" priority="0" xlink:arcrole="http://xbrl.org/int/dim/arcrole/domain-member" xlink:from="A174dcbe106d_0" xlink:to="A1750c031463_0" xlink:type="arc"/><loc xlink:href="http://www.xbrl.tdnet.info/taxonomy/jp/tse/tdnet/ed/t/2014-01-12/tse-ed-t-2014-01-12.xsd#tse-ed-t_NetIncomePerShare" xlink:label="A1750c031463_1" xlink:type="locator"/><definitionArc order="1.0" priority="0" xlink:arcrole="http://xbrl.org/int/dim/arcrole/domain-member" xlink:from="A1750c031463_0" xlink:to="A1750c031463_1" xlink:type="arc"/><loc xlink:href="http://www.xbrl.tdnet.info/taxonomy/jp/tse/tdnet/ed/t/2014-01-12/tse-ed-t-2014-01-12.xsd#tse-ed-t_FinancialForecastCorrectionAbstract" xlink:label="A174dcbe106b_d" xlink:type="locator"/><loc xlink:href="http://www.xbrl.tdnet.info/taxonomy/jp/tse/tdnet/ed/t/2014-01-12/tse-ed-t-2014-01-12.xsd#tse-ed-t_ForecastCorrectionOfAnnualConsolidatedFinancialResultsAbstract" xlink:label="A174dcbe106c_0" xlink:type="locator"/><definitionArc order="1.0" priority="0" xlink:arcrole="http://xbrl.org/int/dim/arcrole/domain-member" xlink:from="A174dcbe106b_d" xlink:to="A174dcbe106c_0" xlink:type="arc"/><definitionArc order="1.0" priority="0" xlink:arcrole="http://xbrl.org/int/dim/arcrole/domain-member" xlink:from="A174dcbe106c_0" xlink:to="A174dcbe106c_16" xlink:type="arc"/><definitionArc order="2.0" priority="0" xlink:arcrole="http://xbrl.org/int/dim/arcrole/domain-member" xlink:from="A174dcbe106c_0" xlink:to="A174dcbe106d_0" xlink:type="arc"/><loc xlink:href="http://www.xbrl.tdnet.info/taxonomy/jp/tse/tdnet/ed/t/2014-01-12/tse-ed-t-2014-01-12.xsd#tse-ed-t_ConsolidatedInformationAnnualHeading" xlink:label="A174dcbe106b_0" xlink:type="locator"/><loc xlink:href="http://www.xbrl.tdnet.info/taxonomy/jp/tse/tdnet/ed/t/2014-01-12/tse-ed-t-2014-01-12.xsd#tse-ed-t_ConsolidatedInformationAnnualTable" xlink:label="A174dcbe106b_1" xlink:type="locator"/><definitionArc order="1.0" priority="0" xbrldt:closed="true" xbrldt:contextElement="scenario" xlink:arcrole="http://xbrl.org/int/dim/arcrole/all" xlink:from="A174dcbe106b_0" xlink:to="A174dcbe106b_1" xlink:type="arc"/><definitionArc order="1.0" priority="0" xlink:arcrole="http://xbrl.org/int/dim/arcrole/hypercube-dimension" xlink:from="A174dcbe106b_1" xlink:to="A174dcbe106b_2" xlink:type="arc"/><definitionArc order="2.0" priority="0" xlink:arcrole="http://xbrl.org/int/dim/arcrole/hypercube-dimension" xlink:from="A174dcbe106b_1" xlink:to="A174dcbe106b_4" xlink:type="arc"/><definitionArc order="3.0" priority="0" xlink:arcrole="http://xbrl.org/int/dim/arcrole/hypercube-dimension" xlink:from="A174dcbe106b_1" xlink:to="A174dcbe106b_9" xlink:type="arc"/><loc xlink:href="http://www.xbrl.tdnet.info/taxonomy/jp/tse/tdnet/ed/t/2014-01-12/tse-ed-t-2014-01-12.xsd#tse-ed-t_ConsolidatedInformationAnnualLineItems" xlink:label="A174dcbe106b_c" xlink:type="locator"/><definitionArc order="2.0" priority="0" xlink:arcrole="http://xbrl.org/int/dim/arcrole/domain-member" xlink:from="A174dcbe106b_0" xlink:to="A174dcbe106b_c" xlink:type="arc"/><definitionArc order="1.0" priority="0" xlink:arcrole="http://xbrl.org/int/dim/arcrole/domain-member" xlink:from="A174dcbe106b_c" xlink:to="A174dcbe106b_d" xlink:type="arc"/></definitionLink><definitionLink xlink:role="http://www.xbrl.tdnet.info/jp/tse/tdnet/role/RoleRevisedDividendForecast" xlink:type="extended"><loc xlink:href="http://www.xbrl.tdnet.info/taxonomy/jp/tse/tdnet/ed/t/2014-01-12/tse-ed-t-2014-01-12.xsd#tse-ed-t_ConsolidatedNonconsolidatedAxis" xlink:label="A174dcbe50c9_2" xlink:type="locator"/><loc xlink:href="http://www.xbrl.tdnet.info/taxonomy/jp/tse/tdnet/ed/t/2014-01-12/tse-ed-t-2014-01-12.xsd#tse-ed-t_NonConsolidatedMember" xlink:label="A174dcbe50c9_3" xlink:type="locator"/><definitionArc order="1.0" priority="0" xlink:arcrole="http://xbrl.org/int/dim/arcrole/dimension-domain" xlink:from="A174dcbe50c9_2" xlink:to="A174dcbe50c9_3" xlink:type="arc"/><loc xlink:href="http://www.xbrl.tdnet.info/taxonomy/jp/tse/tdnet/ed/t/2014-01-12/tse-ed-t-2014-01-12.xsd#tse-ed-t_ResultForecastAxis" xlink:label="A174dcbe50c9_d" xlink:type="locator"/><loc xlink:href="http://www.xbrl.tdnet.info/taxonomy/jp/tse/tdnet/ed/t/2014-01-12/tse-ed-t-2014-01-12.xsd#tse-ed-t_ResultMember" xlink:label="A174dcbe50c9_e" xlink:type="locator"/><definitionArc order="1.0" priority="0" xlink:arcrole="http://xbrl.org/int/dim/arcrole/dimension-domain" xlink:from="A174dcbe50c9_d" xlink:to="A174dcbe50c9_e" xlink:type="arc"/><loc xlink:href="http://www.xbrl.tdnet.info/taxonomy/jp/tse/tdnet/ed/t/2014-01-12/tse-ed-t-2014-01-12.xsd#tse-ed-t_ForecastMember" xlink:label="A174dcbe50c9_f" xlink:type="locator"/><definitionArc order="2.0" priority="0" xlink:arcrole="http://xbrl.org/int/dim/arcrole/dimension-domain" xlink:from="A174dcbe50c9_d" xlink:to="A174dcbe50c9_f" xlink:type="arc"/><loc xlink:href="http://www.xbrl.tdnet.info/taxonomy/jp/tse/tdnet/ed/t/2014-01-12/tse-ed-t-2014-01-12.xsd#tse-ed-t_UpperMember" xlink:label="A174dcbe50c9_10" xlink:type="locator"/><definitionArc order="3.0" priority="0" xlink:arcrole="http://xbrl.org/int/dim/arcrole/dimension-domain" xlink:from="A174dcbe50c9_d" xlink:to="A174dcbe50c9_10" xlink:type="arc"/><loc xlink:href="http://www.xbrl.tdnet.info/taxonomy/jp/tse/tdnet/ed/t/2014-01-12/tse-ed-t-2014-01-12.xsd#tse-ed-t_LowerMember" xlink:label="A174dcbe50c9_11" xlink:type="locator"/><definitionArc order="4.0" priority="0" xlink:arcrole="http://xbrl.org/int/dim/arcrole/dimension-domain" xlink:from="A174dcbe50c9_d" xlink:to="A174dcbe50c9_11" xlink:type="arc"/><loc xlink:href="http://www.xbrl.tdnet.info/taxonomy/jp/tse/tdnet/ed/t/2014-01-12/tse-ed-t-2014-01-12.xsd#tse-ed-t_PreviousCurrentAxis" xlink:label="A174dcbe50c9_4" xlink:type="locator"/><loc xlink:href="http://www.xbrl.tdnet.info/taxonomy/jp/tse/tdnet/ed/t/2014-01-12/tse-ed-t-2014-01-12.xsd#tse-ed-t_PreviousMember" xlink:label="A174dcbe50c9_5" xlink:type="locator"/><definitionArc order="1.0" priority="0" xlink:arcrole="http://xbrl.org/int/dim/arcrole/dimension-domain" xlink:from="A174dcbe50c9_4" xlink:to="A174dcbe50c9_5" xlink:type="arc"/><loc xlink:href="http://www.xbrl.tdnet.info/taxonomy/jp/tse/tdnet/ed/t/2014-01-12/tse-ed-t-2014-01-12.xsd#tse-ed-t_CurrentMember" xlink:label="A174dcbe50c9_6" xlink:type="locator"/><definitionArc order="2.0" priority="0" xlink:arcrole="http://xbrl.org/int/dim/arcrole/dimension-domain" xlink:from="A174dcbe50c9_4" xlink:to="A174dcbe50c9_6" xlink:type="arc"/><loc xlink:href="http://www.xbrl.tdnet.info/taxonomy/jp/tse/tdnet/ed/t/2014-01-12/tse-ed-t-2014-01-12.xsd#tse-ed-t_RevisedDividendForecastHeading" xlink:label="A174dcbe50c9_0" xlink:type="locator"/><loc xlink:href="http://www.xbrl.tdnet.info/taxonomy/jp/tse/tdnet/ed/t/2014-01-12/tse-ed-t-2014-01-12.xsd#tse-ed-t_RevisedDividendForecastTable" xlink:label="A174dcbe50c9_1" xlink:type="locator"/><definitionArc order="1.0" priority="0" xbrldt:closed="true" xbrldt:contextElement="scenario" xlink:arcrole="http://xbrl.org/int/dim/arcrole/all" xlink:from="A174dcbe50c9_0" xlink:to="A174dcbe50c9_1" xlink:type="arc"/><definitionArc order="1.0" priority="0" xlink:arcrole="http://xbrl.org/int/dim/arcrole/hypercube-dimension" xlink:from="A174dcbe50c9_1" xlink:to="A174dcbe50c9_2" xlink:type="arc"/><definitionArc order="2.0" priority="0" xlink:arcrole="http://xbrl.org/int/dim/arcrole/hypercube-dimension" xlink:from="A174dcbe50c9_1" xlink:to="A174dcbe50c9_4" xlink:type="arc"/><loc xlink:href="http://www.xbrl.tdnet.info/taxonomy/jp/tse/tdnet/ed/t/2014-01-12/tse-ed-t-2014-01-12.xsd#tse-ed-t_AnnualDividendPaymentScheduleAxis" xlink:label="A174dcbe50c9_7" xlink:type="locator"/><definitionArc order="3.0" priority="0" xlink:arcrole="http://xbrl.org/int/dim/arcrole/hypercube-dimension" xlink:from="A174dcbe50c9_1" xlink:to="A174dcbe50c9_7" xlink:type="arc"/><loc xlink:href="http://www.xbrl.tdnet.info/taxonomy/jp/tse/tdnet/ed/t/2014-01-12/tse-ed-t-2014-01-12.xsd#tse-ed-t_FirstQuarterMember" xlink:label="A174dcbe50c9_8" xlink:type="locator"/><definitionArc order="1.0" priority="0" xlink:arcrole="http://xbrl.org/int/dim/arcrole/dimension-domain" xlink:from="A174dcbe50c9_7" xlink:to="A174dcbe50c9_8" xlink:type="arc"/><loc xlink:href="http://www.xbrl.tdnet.info/taxonomy/jp/tse/tdnet/ed/t/2014-01-12/tse-ed-t-2014-01-12.xsd#tse-ed-t_SecondQuarterMember" xlink:label="A174dcbe50c9_9" xlink:type="locator"/><definitionArc order="2.0" priority="0" xlink:arcrole="http://xbrl.org/int/dim/arcrole/dimension-domain" xlink:from="A174dcbe50c9_7" xlink:to="A174dcbe50c9_9" xlink:type="arc"/><loc xlink:href="http://www.xbrl.tdnet.info/taxonomy/jp/tse/tdnet/ed/t/2014-01-12/tse-ed-t-2014-01-12.xsd#tse-ed-t_ThirdQuarterMember" xlink:label="A174dcbe50c9_a" xlink:type="locator"/><definitionArc order="3.0" priority="0" xlink:arcrole="http://xbrl.org/int/dim/arcrole/dimension-domain" xlink:from="A174dcbe50c9_7" xlink:to="A174dcbe50c9_a" xlink:type="arc"/><loc xlink:href="http://www.xbrl.tdnet.info/taxonomy/jp/tse/tdnet/ed/t/2014-01-12/tse-ed-t-2014-01-12.xsd#tse-ed-t_YearEndMember" xlink:label="A174dcbe50c9_b" xlink:type="locator"/><definitionArc order="4.0" priority="0" xlink:arcrole="http://xbrl.org/int/dim/arcrole/dimension-domain" xlink:from="A174dcbe50c9_7" xlink:to="A174dcbe50c9_b" xlink:type="arc"/><loc xlink:href="http://www.xbrl.tdnet.info/taxonomy/jp/tse/tdnet/ed/t/2014-01-12/tse-ed-t-2014-01-12.xsd#tse-ed-t_AnnualMember" xlink:label="A174dcbe50c9_c" xlink:type="locator"/><definitionArc order="5.0" priority="0" xlink:arcrole="http://xbrl.org/int/dim/arcrole/dimension-domain" xlink:from="A174dcbe50c9_7" xlink:to="A174dcbe50c9_c" xlink:type="arc"/><definitionArc order="4.0" priority="0" xlink:arcrole="http://xbrl.org/int/dim/arcrole/hypercube-dimension" xlink:from="A174dcbe50c9_1" xlink:to="A174dcbe50c9_d" xlink:type="arc"/><loc xlink:href="http://www.xbrl.tdnet.info/taxonomy/jp/tse/tdnet/ed/t/2014-01-12/tse-ed-t-2014-01-12.xsd#tse-ed-t_RevisedDividendForecastLineItems" xlink:label="A174dcbe50c9_12" xlink:type="locator"/><definitionArc order="2.0" priority="0" xlink:arcrole="http://xbrl.org/int/dim/arcrole/domain-member" xlink:from="A174dcbe50c9_0" xlink:to="A174dcbe50c9_12" xlink:type="arc"/><loc xlink:href="http://www.xbrl.tdnet.info/taxonomy/jp/tse/tdnet/ed/t/2014-01-12/tse-ed-t-2014-01-12.xsd#tse-ed-t_DividendForecastCorrectionAbstract" xlink:label="A174dcbe50c9_13" xlink:type="locator"/><definitionArc order="1.0" priority="0" xlink:arcrole="http://xbrl.org/int/dim/arcrole/domain-member" xlink:from="A174dcbe50c9_12" xlink:to="A174dcbe50c9_13" xlink:type="arc"/><loc xlink:href="http://www.xbrl.tdnet.info/taxonomy/jp/tse/tdnet/ed/t/2014-01-12/tse-ed-t-2014-01-12.xsd#tse-ed-t_PreviousReportingDateOfDividendForecastAbstract" xlink:label="A174dcbe50c9_14" xlink:type="locator"/><definitionArc order="1.0" priority="0" xlink:arcrole="http://xbrl.org/int/dim/arcrole/domain-member" xlink:from="A174dcbe50c9_13" xlink:to="A174dcbe50c9_14" xlink:type="arc"/><loc xlink:href="http://www.xbrl.tdnet.info/taxonomy/jp/tse/tdnet/ed/t/2014-01-12/tse-ed-t-2014-01-12.xsd#tse-ed-t_PreviousReportingDateOfDividendForecast" xlink:label="A174dcbe50c9_15" xlink:type="locator"/><definitionArc order="1.0" priority="0" xlink:arcrole="http://xbrl.org/int/dim/arcrole/domain-member" xlink:from="A174dcbe50c9_14" xlink:to="A174dcbe50c9_15" xlink:type="arc"/><loc xlink:href="http://www.xbrl.tdnet.info/taxonomy/jp/tse/tdnet/ed/t/2014-01-12/tse-ed-t-2014-01-12.xsd#tse-ed-t_CorrectionDetailAbstract" xlink:label="A174dcbe50c9_16" xlink:type="locator"/><definitionArc order="2.0" priority="0" xlink:arcrole="http://xbrl.org/int/dim/arcrole/domain-member" xlink:from="A174dcbe50c9_13" xlink:to="A174dcbe50c9_16" xlink:type="arc"/><loc xlink:href="http://www.xbrl.tdnet.info/taxonomy/jp/tse/tdnet/ed/t/2014-01-12/tse-ed-t-2014-01-12.xsd#tse-ed-t_CashDividendAbstract" xlink:label="A174dcbe50c9_17" xlink:type="locator"/><definitionArc order="1.0" priority="0" xlink:arcrole="http://xbrl.org/int/dim/arcrole/domain-member" xlink:from="A174dcbe50c9_16" xlink:to="A174dcbe50c9_17" xlink:type="arc"/><loc xlink:href="http://www.xbrl.tdnet.info/taxonomy/jp/tse/tdnet/ed/t/2014-01-12/tse-ed-t-2014-01-12.xsd#tse-ed-t_DividendPerShareAbstract" xlink:label="A174dcbe50c9_18" xlink:type="locator"/><definitionArc order="1.0" priority="0" xlink:arcrole="http://xbrl.org/int/dim/arcrole/domain-member" xlink:from="A174dcbe50c9_17" xlink:to="A174dcbe50c9_18" xlink:type="arc"/><loc xlink:href="http://www.xbrl.tdnet.info/taxonomy/jp/tse/tdnet/ed/t/2014-01-12/tse-ed-t-2014-01-12.xsd#tse-ed-t_DividendPerShare" xlink:label="A174dcbe50c9_19" xlink:type="locator"/><definitionArc order="1.0" priority="0" xlink:arcrole="http://xbrl.org/int/dim/arcrole/domain-member" xlink:from="A174dcbe50c9_18" xlink:to="A174dcbe50c9_19" xlink:type="arc"/></definitionLink><definitionLink xlink:role="http://www.xbrl.tdnet.info/jp/tse/tdnet/role/RoleNoteRevisedDividendForecast" xlink:type="extended"><loc xlink:href="http://www.xbrl.tdnet.info/taxonomy/jp/tse/tdnet/ed/t/2014-01-12/tse-ed-t-2014-01-12.xsd#tse-ed-t_DividendForecastCorrectionAbstract" xlink:label="A174dcbe50ca_3" xlink:type="locator"/><loc xlink:href="http://www.xbrl.tdnet.info/taxonomy/jp/tse/tdnet/ed/t/2014-01-12/tse-ed-t-2014-01-12.xsd#tse-ed-t_NoteToDividendsAbstract" xlink:label="A174dcbe50cb_0" xlink:type="locator"/><definitionArc order="1.0" priority="0" xlink:arcrole="http://xbrl.org/int/dim/arcrole/domain-member" xlink:from="A174dcbe50ca_3" xlink:to="A174dcbe50cb_0" xlink:type="arc"/><loc xlink:href="http://www.xbrl.tdnet.info/taxonomy/jp/tse/tdnet/ed/t/2014-01-12/tse-ed-t-2014-01-12.xsd#tse-ed-t_NoteToDividends" xlink:label="A174dcbe50cb_1" xlink:type="locator"/><definitionArc order="1.0" priority="0" xlink:arcrole="http://xbrl.org/int/dim/arcrole/domain-member" xlink:from="A174dcbe50cb_0" xlink:to="A174dcbe50cb_1" xlink:type="arc"/><loc xlink:href="http://www.xbrl.tdnet.info/taxonomy/jp/tse/tdnet/ed/t/2014-01-12/tse-ed-t-2014-01-12.xsd#tse-ed-t_ReasonForDividendForecastCorrectionAbstract" xlink:label="A174dcbe50cb_2" xlink:type="locator"/><definitionArc order="2.0" priority="0" xlink:arcrole="http://xbrl.org/int/dim/arcrole/domain-member" xlink:from="A174dcbe50ca_3" xlink:to="A174dcbe50cb_2" xlink:type="arc"/><loc xlink:href="http://www.xbrl.tdnet.info/taxonomy/jp/tse/tdnet/ed/t/2014-01-12/tse-ed-t-2014-01-12.xsd#tse-ed-t_ReasonForDividendForecastCorrection" xlink:label="A174dcbe50cb_3" xlink:type="locator"/><definitionArc order="1.0" priority="0" xlink:arcrole="http://xbrl.org/int/dim/arcrole/domain-member" xlink:from="A174dcbe50cb_2" xlink:to="A174dcbe50cb_3" xlink:type="arc"/><loc xlink:href="http://www.xbrl.tdnet.info/taxonomy/jp/tse/tdnet/ed/t/2014-01-12/tse-ed-t-2014-01-12.xsd#tse-ed-t_NoteRevisedDividendForecastHeading" xlink:label="A174dcbe50ca_0" xlink:type="locator"/><loc xlink:href="http://www.xbrl.tdnet.info/taxonomy/jp/tse/tdnet/ed/t/2014-01-12/tse-ed-t-2014-01-12.xsd#tse-ed-t_NoteRevisedDividendForecastTable" xlink:label="A174dcbe50ca_1" xlink:type="locator"/><definitionArc order="1.0" priority="0" xbrldt:closed="true" xbrldt:contextElement="scenario" xlink:arcrole="http://xbrl.org/int/dim/arcrole/all" xlink:from="A174dcbe50ca_0" xlink:to="A174dcbe50ca_1" xlink:type="arc"/><loc xlink:href="http://www.xbrl.tdnet.info/taxonomy/jp/tse/tdnet/ed/t/2014-01-12/tse-ed-t-2014-01-12.xsd#tse-ed-t_NoteRevisedDividendForecastLineItems" xlink:label="A174dcbe50ca_2" xlink:type="locator"/><definitionArc order="2.0" priority="0" xlink:arcrole="http://xbrl.org/int/dim/arcrole/domain-member" xlink:from="A174dcbe50ca_0" xlink:to="A174dcbe50ca_2" xlink:type="arc"/><definitionArc order="1.0" priority="0" xlink:arcrole="http://xbrl.org/int/dim/arcrole/domain-member" xlink:from="A174dcbe50ca_2" xlink:to="A174dcbe50ca_3" xlink:type="arc"/></definitionLink></linkbase>